"ref_area","country","currency","region","is_country","series_id","latest_month","observations","source_url","lag_months","status","evaluated_on"
"AUS","Australia","AUD","Asia-Pacific",TRUE,"OECD.IRLT.AUS.M","2026-08-01",140,"https://data-explorer.oecd.org/vis?df[ag]=OECD.SDD.STES&df[id]=DSD_STES%40DF_FINMARK&df[vs]=4.0&dq=AUS.M.IRLT.PA.....",1,"Active","2026-09-26"
"AUT","Austria","EUR","Europe",TRUE,"OECD.IRLT.AUT.M","2026-08-01",140,"https://data-explorer.oecd.org/vis?df[ag]=OECD.SDD.STES&df[id]=DSD_STES%40DF_FINMARK&df[vs]=4.0&dq=AUT.M.IRLT.PA.....",1,"Active","2026-09-26"
"BEL","Belgium","EUR","Europe",TRUE,"OECD.IRLT.BEL.M","2026-08-01",140,"https://data-explorer.oecd.org/vis?df[ag]=OECD.SDD.STES&df[id]=DSD_STES%40DF_FINMARK&df[vs]=4.0&dq=BEL.M.IRLT.PA.....",1,"Active","2026-09-26"
"BGR","Bulgaria","EUR","Europe",TRUE,"OECD.IRLT.BGR.M","2026-08-01",140,"https://data-explorer.oecd.org/vis?df[ag]=OECD.SDD.STES&df[id]=DSD_STES%40DF_FINMARK&df[vs]=4.0&dq=BGR.M.IRLT.PA.....",1,"Active","2026-09-26"
"BRA","Brazil","BRL","Americas",TRUE,"OECD.IRLT.BRA.M","2026-08-01",140,"https://data-explorer.oecd.org/vis?df[ag]=OECD.SDD.STES&df[id]=DSD_STES%40DF_FINMARK&df[vs]=4.0&dq=BRA.M.IRLT.PA.....",1,"Active","2026-09-26"
"CAN","Canada","CAD","Americas",TRUE,"OECD.IRLT.CAN.M","2026-08-01",140,"https://data-explorer.oecd.org/vis?df[ag]=OECD.SDD.STES&df[id]=DSD_STES%40DF_FINMARK&df[vs]=4.0&dq=CAN.M.IRLT.PA.....",1,"Active","2026-09-26"
"CHE","Switzerland","CHF","Europe",TRUE,"OECD.IRLT.CHE.M","2026-08-01",140,"https://data-explorer.oecd.org/vis?df[ag]=OECD.SDD.STES&df[id]=DSD_STES%40DF_FINMARK&df[vs]=4.0&dq=CHE.M.IRLT.PA.....",1,"Active","2026-09-26"
"CHL","Chile","CLP","Americas",TRUE,"OECD.IRLT.CHL.M","2026-07-01",139,"https://data-explorer.oecd.org/vis?df[ag]=OECD.SDD.STES&df[id]=DSD_STES%40DF_FINMARK&df[vs]=4.0&dq=CHL.M.IRLT.PA.....",2,"Active","2026-09-26"
"CHN","China","CNY","Asia-Pacific",TRUE,"OECD.IRLT.CHN.M","2026-07-01",139,"https://data-explorer.oecd.org/vis?df[ag]=OECD.SDD.STES&df[id]=DSD_STES%40DF_FINMARK&df[vs]=4.0&dq=CHN.M.IRLT.PA.....",2,"Active","2026-09-26"
"COL","Colombia","COP","Americas",TRUE,"OECD.IRLT.COL.M","2026-08-01",140,"https://data-explorer.oecd.org/vis?df[ag]=OECD.SDD.STES&df[id]=DSD_STES%40DF_FINMARK&df[vs]=4.0&dq=COL.M.IRLT.PA.....",1,"Active","2026-09-26"
"CRI","Costa Rica","CRC","Americas",TRUE,"OECD.IRLT.CRI.M","2026-08-01",140,"https://data-explorer.oecd.org/vis?df[ag]=OECD.SDD.STES&df[id]=DSD_STES%40DF_FINMARK&df[vs]=4.0&dq=CRI.M.IRLT.PA.....",1,"Active","2026-09-26"
"CZE","Czechia","CZK","Europe",TRUE,"OECD.IRLT.CZE.M","2026-08-01",140,"https://data-explorer.oecd.org/vis?df[ag]=OECD.SDD.STES&df[id]=DSD_STES%40DF_FINMARK&df[vs]=4.0&dq=CZE.M.IRLT.PA.....",1,"Active","2026-09-26"
"DEU","Germany","EUR","Europe",TRUE,"OECD.IRLT.DEU.M","2026-08-01",140,"https://data-explorer.oecd.org/vis?df[ag]=OECD.SDD.STES&df[id]=DSD_STES%40DF_FINMARK&df[vs]=4.0&dq=DEU.M.IRLT.PA.....",1,"Active","2026-09-26"
"DNK","Denmark","DKK","Europe",TRUE,"OECD.IRLT.DNK.M","2026-08-01",140,"https://data-explorer.oecd.org/vis?df[ag]=OECD.SDD.STES&df[id]=DSD_STES%40DF_FINMARK&df[vs]=4.0&dq=DNK.M.IRLT.PA.....",1,"Active","2026-09-26"
"EA20","Euro Area (20 countries)","EUR","Aggregate",FALSE,"OECD.IRLT.EA20.M","2026-08-01",140,"https://data-explorer.oecd.org/vis?df[ag]=OECD.SDD.STES&df[id]=DSD_STES%40DF_FINMARK&df[vs]=4.0&dq=EA20.M.IRLT.PA.....",1,"Excluded: regional aggregate","2026-09-26"
"ESP","Spain","EUR","Europe",TRUE,"OECD.IRLT.ESP.M","2026-08-01",140,"https://data-explorer.oecd.org/vis?df[ag]=OECD.SDD.STES&df[id]=DSD_STES%40DF_FINMARK&df[vs]=4.0&dq=ESP.M.IRLT.PA.....",1,"Active","2026-09-26"
"EST","Estonia","EUR","Europe",TRUE,"OECD.IRLT.EST.M","2026-08-01",75,"https://data-explorer.oecd.org/vis?df[ag]=OECD.SDD.STES&df[id]=DSD_STES%40DF_FINMARK&df[vs]=4.0&dq=EST.M.IRLT.PA.....",1,"Active","2026-09-26"
"FIN","Finland","EUR","Europe",TRUE,"OECD.IRLT.FIN.M","2026-08-01",140,"https://data-explorer.oecd.org/vis?df[ag]=OECD.SDD.STES&df[id]=DSD_STES%40DF_FINMARK&df[vs]=4.0&dq=FIN.M.IRLT.PA.....",1,"Active","2026-09-26"
"FRA","France","EUR","Europe",TRUE,"OECD.IRLT.FRA.M","2026-08-01",140,"https://data-explorer.oecd.org/vis?df[ag]=OECD.SDD.STES&df[id]=DSD_STES%40DF_FINMARK&df[vs]=4.0&dq=FRA.M.IRLT.PA.....",1,"Active","2026-09-26"
"GBR","United Kingdom","GBP","Europe",TRUE,"OECD.IRLT.GBR.M","2026-08-01",140,"https://data-explorer.oecd.org/vis?df[ag]=OECD.SDD.STES&df[id]=DSD_STES%40DF_FINMARK&df[vs]=4.0&dq=GBR.M.IRLT.PA.....",1,"Active","2026-09-26"
"GRC","Greece","EUR","Europe",TRUE,"OECD.IRLT.GRC.M","2026-08-01",139,"https://data-explorer.oecd.org/vis?df[ag]=OECD.SDD.STES&df[id]=DSD_STES%40DF_FINMARK&df[vs]=4.0&dq=GRC.M.IRLT.PA.....",1,"Active","2026-09-26"
"HRV","Croatia","EUR","Europe",TRUE,"OECD.IRLT.HRV.M","2026-08-01",140,"https://data-explorer.oecd.org/vis?df[ag]=OECD.SDD.STES&df[id]=DSD_STES%40DF_FINMARK&df[vs]=4.0&dq=HRV.M.IRLT.PA.....",1,"Active","2026-09-26"
"HUN","Hungary","HUF","Europe",TRUE,"OECD.IRLT.HUN.M","2026-08-01",140,"https://data-explorer.oecd.org/vis?df[ag]=OECD.SDD.STES&df[id]=DSD_STES%40DF_FINMARK&df[vs]=4.0&dq=HUN.M.IRLT.PA.....",1,"Active","2026-09-26"
"IDN","Indonesia","IDR","Asia-Pacific",TRUE,"OECD.IRLT.IDN.M","2024-12-01",120,"https://data-explorer.oecd.org/vis?df[ag]=OECD.SDD.STES&df[id]=DSD_STES%40DF_FINMARK&df[vs]=4.0&dq=IDN.M.IRLT.PA.....",21,"Excluded: stale observations","2026-09-26"
"IND","India","INR","Asia-Pacific",TRUE,"OECD.IRLT.IND.M","2026-07-01",139,"https://data-explorer.oecd.org/vis?df[ag]=OECD.SDD.STES&df[id]=DSD_STES%40DF_FINMARK&df[vs]=4.0&dq=IND.M.IRLT.PA.....",2,"Active","2026-09-26"
"IRL","Ireland","EUR","Europe",TRUE,"OECD.IRLT.IRL.M","2026-08-01",140,"https://data-explorer.oecd.org/vis?df[ag]=OECD.SDD.STES&df[id]=DSD_STES%40DF_FINMARK&df[vs]=4.0&dq=IRL.M.IRLT.PA.....",1,"Active","2026-09-26"
"ISL","Iceland","ISK","Europe",TRUE,"OECD.IRLT.ISL.M","2022-08-01",92,"https://data-explorer.oecd.org/vis?df[ag]=OECD.SDD.STES&df[id]=DSD_STES%40DF_FINMARK&df[vs]=4.0&dq=ISL.M.IRLT.PA.....",49,"Excluded: stale observations","2026-09-26"
"ISR","Israel","ILS","Middle East",TRUE,"OECD.IRLT.ISR.M","2026-08-01",140,"https://data-explorer.oecd.org/vis?df[ag]=OECD.SDD.STES&df[id]=DSD_STES%40DF_FINMARK&df[vs]=4.0&dq=ISR.M.IRLT.PA.....",1,"Active","2026-09-26"
"ITA","Italy","EUR","Europe",TRUE,"OECD.IRLT.ITA.M","2026-08-01",140,"https://data-explorer.oecd.org/vis?df[ag]=OECD.SDD.STES&df[id]=DSD_STES%40DF_FINMARK&df[vs]=4.0&dq=ITA.M.IRLT.PA.....",1,"Active","2026-09-26"
"JPN","Japan","JPY","Asia-Pacific",TRUE,"OECD.IRLT.JPN.M","2026-08-01",140,"https://data-explorer.oecd.org/vis?df[ag]=OECD.SDD.STES&df[id]=DSD_STES%40DF_FINMARK&df[vs]=4.0&dq=JPN.M.IRLT.PA.....",1,"Active","2026-09-26"
"KOR","South Korea","KRW","Asia-Pacific",TRUE,"OECD.IRLT.KOR.M","2026-08-01",140,"https://data-explorer.oecd.org/vis?df[ag]=OECD.SDD.STES&df[id]=DSD_STES%40DF_FINMARK&df[vs]=4.0&dq=KOR.M.IRLT.PA.....",1,"Active","2026-09-26"
"LTU","Lithuania","EUR","Europe",TRUE,"OECD.IRLT.LTU.M","2026-08-01",140,"https://data-explorer.oecd.org/vis?df[ag]=OECD.SDD.STES&df[id]=DSD_STES%40DF_FINMARK&df[vs]=4.0&dq=LTU.M.IRLT.PA.....",1,"Active","2026-09-26"
"LUX","Luxembourg","EUR","Europe",TRUE,"OECD.IRLT.LUX.M","2026-08-01",140,"https://data-explorer.oecd.org/vis?df[ag]=OECD.SDD.STES&df[id]=DSD_STES%40DF_FINMARK&df[vs]=4.0&dq=LUX.M.IRLT.PA.....",1,"Active","2026-09-26"
"LVA","Latvia","EUR","Europe",TRUE,"OECD.IRLT.LVA.M","2026-08-01",140,"https://data-explorer.oecd.org/vis?df[ag]=OECD.SDD.STES&df[id]=DSD_STES%40DF_FINMARK&df[vs]=4.0&dq=LVA.M.IRLT.PA.....",1,"Active","2026-09-26"
"MEX","Mexico","MXN","Americas",TRUE,"OECD.IRLT.MEX.M","2026-08-01",106,"https://data-explorer.oecd.org/vis?df[ag]=OECD.SDD.STES&df[id]=DSD_STES%40DF_FINMARK&df[vs]=4.0&dq=MEX.M.IRLT.PA.....",1,"Active","2026-09-26"
"NLD","Netherlands","EUR","Europe",TRUE,"OECD.IRLT.NLD.M","2026-08-01",140,"https://data-explorer.oecd.org/vis?df[ag]=OECD.SDD.STES&df[id]=DSD_STES%40DF_FINMARK&df[vs]=4.0&dq=NLD.M.IRLT.PA.....",1,"Active","2026-09-26"
"NOR","Norway","NOK","Europe",TRUE,"OECD.IRLT.NOR.M","2026-08-01",140,"https://data-explorer.oecd.org/vis?df[ag]=OECD.SDD.STES&df[id]=DSD_STES%40DF_FINMARK&df[vs]=4.0&dq=NOR.M.IRLT.PA.....",1,"Active","2026-09-26"
"NZL","New Zealand","NZD","Asia-Pacific",TRUE,"OECD.IRLT.NZL.M","2026-08-01",140,"https://data-explorer.oecd.org/vis?df[ag]=OECD.SDD.STES&df[id]=DSD_STES%40DF_FINMARK&df[vs]=4.0&dq=NZL.M.IRLT.PA.....",1,"Active","2026-09-26"
"POL","Poland","PLN","Europe",TRUE,"OECD.IRLT.POL.M","2026-08-01",140,"https://data-explorer.oecd.org/vis?df[ag]=OECD.SDD.STES&df[id]=DSD_STES%40DF_FINMARK&df[vs]=4.0&dq=POL.M.IRLT.PA.....",1,"Active","2026-09-26"
"PRT","Portugal","EUR","Europe",TRUE,"OECD.IRLT.PRT.M","2026-07-01",139,"https://data-explorer.oecd.org/vis?df[ag]=OECD.SDD.STES&df[id]=DSD_STES%40DF_FINMARK&df[vs]=4.0&dq=PRT.M.IRLT.PA.....",2,"Active","2026-09-26"
"ROU","Romania","RON","Europe",TRUE,"OECD.IRLT.ROU.M","2026-08-01",140,"https://data-explorer.oecd.org/vis?df[ag]=OECD.SDD.STES&df[id]=DSD_STES%40DF_FINMARK&df[vs]=4.0&dq=ROU.M.IRLT.PA.....",1,"Active","2026-09-26"
"RUS","Russia","RUB","Europe",TRUE,"OECD.IRLT.RUS.M","2018-06-01",42,"https://data-explorer.oecd.org/vis?df[ag]=OECD.SDD.STES&df[id]=DSD_STES%40DF_FINMARK&df[vs]=4.0&dq=RUS.M.IRLT.PA.....",99,"Excluded: stale observations","2026-09-26"
"SVK","Slovakia","EUR","Europe",TRUE,"OECD.IRLT.SVK.M","2026-08-01",140,"https://data-explorer.oecd.org/vis?df[ag]=OECD.SDD.STES&df[id]=DSD_STES%40DF_FINMARK&df[vs]=4.0&dq=SVK.M.IRLT.PA.....",1,"Active","2026-09-26"
"SVN","Slovenia","EUR","Europe",TRUE,"OECD.IRLT.SVN.M","2026-08-01",140,"https://data-explorer.oecd.org/vis?df[ag]=OECD.SDD.STES&df[id]=DSD_STES%40DF_FINMARK&df[vs]=4.0&dq=SVN.M.IRLT.PA.....",1,"Active","2026-09-26"
"SWE","Sweden","SEK","Europe",TRUE,"OECD.IRLT.SWE.M","2026-08-01",140,"https://data-explorer.oecd.org/vis?df[ag]=OECD.SDD.STES&df[id]=DSD_STES%40DF_FINMARK&df[vs]=4.0&dq=SWE.M.IRLT.PA.....",1,"Active","2026-09-26"
"USA","United States","USD","Americas",TRUE,"OECD.IRLT.USA.M","2026-08-01",140,"https://data-explorer.oecd.org/vis?df[ag]=OECD.SDD.STES&df[id]=DSD_STES%40DF_FINMARK&df[vs]=4.0&dq=USA.M.IRLT.PA.....",1,"Active","2026-09-26"
"ZAF","South Africa","ZAR","Africa",TRUE,"OECD.IRLT.ZAF.M","2026-08-01",140,"https://data-explorer.oecd.org/vis?df[ag]=OECD.SDD.STES&df[id]=DSD_STES%40DF_FINMARK&df[vs]=4.0&dq=ZAF.M.IRLT.PA.....",1,"Active","2026-09-26"
