observation_date,IRLTLT01USM156N,IRLTLT01GBM156N,IRLTLT01AUM156N,IRLTLT01CAM156N,IRLTLT01DEM156N,IRLTLT01FRM156N,IRLTLT01ITM156N,IRLTLT01JPM156N,IRLTLT01NZM156N,IRLTLT01CHM156N,IRLTLT01SEM156N,IRLTLT01NOM156N
1955-01-01,,,,3.200000000000000,,,,,,2.700,,
1955-02-01,,,,3.130000000000000,,,,,,2.750,,
1955-03-01,,,,3.090000000000000,,,,,,2.840,,
1955-04-01,,,,3.090000000000000,,,,,,2.850,,
1955-05-01,,,,3.110000000000000,,,,,,2.990,,
1955-06-01,,,,3.100000000000000,,,,,,3.060,,
1955-07-01,,,,3.120000000000000,,,,,,3.040,,
1955-08-01,,,,3.210000000000000,,,,,,3.080,,
1955-09-01,,,,3.250000000000000,,,,,,3.200,,
1955-10-01,,,,3.260000000000000,,,,,,3.170,,
1955-11-01,,,,3.300000000000000,,,,,,3.070,,
1955-12-01,,,,3.410000000000000,,,,,,3.040,,
1956-01-01,,,,3.380000000000000,,,,,,2.940,,
1956-02-01,,,,3.300000000000000,,,,,,2.910,,
1956-03-01,,,,3.360000000000000,,,,,,2.970,,
1956-04-01,,,,3.510000000000000,,,,,,3.060,,
1956-05-01,,,,3.570000000000000,6.400000000000000,,,,,3.140,,
1956-06-01,,,,3.450000000000000,6.800000000000000,,,,,3.180,,
1956-07-01,,,,3.480000000000000,6.800000000000000,,,,,3.180,,
1956-08-01,,,,3.700000000000000,6.800000000000000,,,,,3.240,,
1956-09-01,,,,3.810000000000000,7.000000000000000,,,,,3.210,,
1956-10-01,,,,3.870000000000000,7.000000000000000,,,,,3.220,,
1956-11-01,,,,3.900000000000000,7.200000000000000,,,,,3.230,,
1956-12-01,,,,3.940000000000000,7.300000000000000,,,,,3.220,,
1957-01-01,,,,4.100000000000000,7.300000000000000,,,,,3.220,,
1957-02-01,,,,4.060000000000000,7.400000000000000,,,,,3.160,,
1957-03-01,,,,4.000000000000000,7.500000000000000,,,,,3.590,,
1957-04-01,,,,4.030000000000000,7.400000000000000,,,,,3.550,,
1957-05-01,,,,4.190000000000000,7.400000000000000,,,,,3.800,,
1957-06-01,,,,4.220000000000000,7.400000000000000,,,,,3.770,,
1957-07-01,,,,4.250000000000000,7.500000000000000,,,,,3.790,,
1957-08-01,,,,4.330000000000000,7.600000000000000,,,,,3.870,,
1957-09-01,,,,4.320000000000000,7.600000000000000,,,,,3.930,,
1957-10-01,,,,4.190000000000000,7.700000000000000,,,,,3.920,,
1957-11-01,,,,3.980000000000000,7.700000000000000,,,,,3.800,,
1957-12-01,,,,3.830000000000000,7.700000000000000,,,,,3.610,,
1958-01-01,,,,3.930000000000000,7.500000000000000,,,,,3.490,,
1958-02-01,,,,3.940000000000000,7.500000000000000,,,,,3.410,,
1958-03-01,,,,3.960000000000000,7.400000000000000,,,,,3.340,,
1958-04-01,,,,3.950000000000000,7.400000000000000,,,,,3.240,,
1958-05-01,,,,3.860000000000000,7.300000000000000,,,,,3.200,,
1958-06-01,,,,3.910000000000000,7.100000000000000,,,,,3.030,,
1958-07-01,,,,4.060000000000000,6.700000000000000,,,,,3.040,,
1958-08-01,,,,4.110000000000000,6.500000000000000,,,,,3.040,,
1958-09-01,,,,4.190000000000000,6.200000000000000,,,,,3.020,,
1958-10-01,,,,4.310000000000000,6.000000000000000,,,,,3.000,,
1958-11-01,,,,4.540000000000000,5.900000000000000,,,,,3.030,,
1958-12-01,,,,4.630000000000000,5.900000000000000,,,,,3.000,,
1959-01-01,,,,4.630000000000000,5.800000000000000,,,,,2.980,,
1959-02-01,,,,4.680000000000000,5.600000000000000,,,,,2.910,,
1959-03-01,,,,4.860000000000000,5.600000000000000,,,,,2.850,,
1959-04-01,,,,4.790000000000000,5.600000000000000,,,,,2.830,,
1959-05-01,,,,4.950000000000000,5.700000000000000,,,,,3.140,,
1959-06-01,,,,5.030000000000000,5.700000000000000,,,,,3.220,,
1959-07-01,,,,5.020000000000000,5.600000000000000,,,,,3.140,,
1959-08-01,,,,5.200000000000000,5.500000000000000,,,,,3.060,,
1959-09-01,,,,5.420000000000000,5.800000000000000,,,,,3.160,,
1959-10-01,,,,5.330000000000000,6.000000000000000,,,,,3.170,,
1959-11-01,,,,5.300000000000000,6.100000000000000,,,,,3.170,,
1959-12-01,,,,5.370000000000000,6.200000000000000,,,,,3.290,,
1960-01-01,,5.3300,,5.540000000000000,6.500000000000000,5.82,,,,3.320,,
1960-02-01,,5.4000,,5.460000000000000,6.400000000000000,5.80,,,,3.300,,
1960-03-01,,5.5900,,5.390000000000000,6.400000000000000,5.76,,,,3.220,,
1960-04-01,,5.6700,,5.290000000000000,6.400000000000000,5.81,,,,3.130,,
1960-05-01,,5.6900,,5.210000000000000,6.400000000000000,5.74,,,,3.070,,
1960-06-01,,6.0400,,5.070000000000000,6.600000000000000,5.73,,,,3.040,,
1960-07-01,,6.0100,,5.080000000000000,6.700000000000000,5.68,,,,2.970,,
1960-08-01,,6.0300,,4.980000000000000,6.500000000000000,5.51,,,,2.940,,
1960-09-01,,6.1000,,4.800000000000000,6.500000000000000,5.54,,,,3.010,,
1960-10-01,,6.1000,,4.960000000000000,6.300000000000000,5.56,,,,3.050,,
1960-11-01,,6.1400,,5.200000000000000,6.200000000000000,5.52,,,,3.040,,
1960-12-01,,6.1700,,5.280000000000000,6.200000000000000,5.49,,,,3.020,,
1961-01-01,,6.1500,,5.270000000000000,6.100000000000000,5.55,,,,2.960,,
1961-02-01,,6.0000,,5.170000000000000,6.000000000000000,5.64,,,,2.860,,
1961-03-01,,6.0600,,5.140000000000000,5.900000000000000,5.59,,,,2.840,,
1961-04-01,,6.0300,,5.210000000000000,5.700000000000000,5.50,,,,2.820,,
1961-05-01,,6.0900,,5.170000000000000,5.600000000000000,5.51,,,,2.860,,
1961-06-01,,6.3400,,5.040000000000000,5.600000000000000,5.47,,,,2.970,,
1961-07-01,,6.5600,,4.950000000000000,5.700000000000000,5.45,,,,3.130,,
1961-08-01,,6.6900,,4.990000000000000,5.900000000000000,5.43,,,,3.100,,
1961-09-01,,6.6800,,4.980000000000000,6.000000000000000,5.45,,,,2.970,,
1961-10-01,,6.1100,,4.970000000000000,6.000000000000000,5.53,,,,2.970,,
1961-11-01,,6.2100,,4.870000000000000,6.000000000000000,5.55,,,,3.010,,
1961-12-01,,6.2500,,4.940000000000000,6.000000000000000,5.56,,,,2.980,,
1962-01-01,,6.2000,,4.960000000000000,5.900000000000000,5.52,,,,2.960,,
1962-02-01,,6.2700,,4.950000000000000,5.700000000000000,5.62,,,,2.990,,
1962-03-01,,6.2700,,4.880000000000000,5.600000000000000,5.62,,,,3.100,,
1962-04-01,,6.2800,,4.810000000000000,5.600000000000000,5.48,,,,3.250,,
1962-05-01,,6.2800,,4.890000000000000,5.800000000000000,5.53,,,,3.140,,
1962-06-01,,6.1900,,5.130000000000000,5.900000000000000,5.40,,,,3.260,,
1962-07-01,,5.8100,,5.410000000000000,5.900000000000000,5.32,,,,3.190,,
1962-08-01,,5.6200,,5.420000000000000,6.000000000000000,5.33,,,,3.140,,
1962-09-01,,4.8900,,5.380000000000000,6.000000000000000,5.37,,,,3.110,,
1962-10-01,,5.0500,,5.190000000000000,6.200000000000000,5.34,,,,3.120,,
1962-11-01,,5.1700,,5.060000000000000,6.200000000000000,5.37,,,,3.110,,
1962-12-01,,5.1400,,5.110000000000000,6.100000000000000,5.31,,,,3.120,,
1963-01-01,,5.2300,,5.100000000000000,6.000000000000000,5.34,,,,3.140,,
1963-02-01,,5.4300,,5.110000000000000,6.000000000000000,5.36,,,,3.130,,
1963-03-01,,5.4500,,5.110000000000000,6.000000000000000,5.36,,,,3.100,,
1963-04-01,,5.2900,,5.010000000000000,6.000000000000000,5.29,,,,3.100,,
1963-05-01,,5.1700,,4.950000000000000,6.100000000000000,5.36,,,,3.140,,
1963-06-01,,5.0800,,4.950000000000000,6.100000000000000,5.28,,,,3.150,,
1963-07-01,,5.0600,,5.060000000000000,6.100000000000000,5.24,,,,3.220,,
1963-08-01,,4.9600,,5.220000000000000,6.100000000000000,5.28,,,,3.250,,
1963-09-01,,4.9000,,5.220000000000000,6.100000000000000,5.37,,,,3.330,,
1963-10-01,,4.9700,,5.070000000000000,6.100000000000000,5.41,,,,3.440,,
1963-11-01,,5.2100,,5.140000000000000,6.000000000000000,5.41,,,,3.420,,
1963-12-01,,5.2400,,5.150000000000000,6.000000000000000,5.36,,,,3.540,,
1964-01-01,,5.2700,,5.170000000000000,5.900000000000000,5.45,,,,3.640,,
1964-02-01,,5.4500,,5.170000000000000,5.900000000000000,5.44,,,,3.800,,
1964-03-01,,5.4600,,5.220000000000000,6.000000000000000,5.42,,,,3.890,,
1964-04-01,,5.4900,,5.240000000000000,6.200000000000000,5.46,,,,3.880,,
1964-05-01,,5.5500,,5.200000000000000,6.300000000000000,5.49,,,,4.020,,
1964-06-01,,5.6400,,5.200000000000000,6.300000000000000,5.47,,,,4.050,,
1964-07-01,,5.7600,,5.210000000000000,6.300000000000000,5.40,,,,4.040,,
1964-08-01,,5.7500,,5.240000000000000,6.300000000000000,5.40,,,,4.050,,
1964-09-01,,5.7700,,5.220000000000000,6.400000000000000,5.46,,,,4.050,,
1964-10-01,,5.8400,,5.190000000000000,6.400000000000000,5.50,,,,4.080,,
1964-11-01,,6.0700,,5.090000000000000,6.400000000000000,5.45,,,,4.080,,
1964-12-01,,6.3800,,5.060000000000000,6.400000000000000,5.45,,,,4.070,,
1965-01-01,,6.3500,,4.980000000000000,6.400000000000000,5.44,,,,4.040,,
1965-02-01,,6.3600,,5.000000000000000,6.500000000000000,6.31,,,,3.940,,
1965-03-01,,6.5200,,5.090000000000000,6.500000000000000,6.31,,,,3.910,,
1965-04-01,,6.6000,,5.050000000000000,6.600000000000000,6.32,,,,3.920,,
1965-05-01,,6.6900,,5.080000000000000,6.900000000000000,6.28,,,,3.920,,
1965-06-01,,6.7300,,5.150000000000000,7.100000000000000,6.27,,,,3.920,,
1965-07-01,,6.7900,,5.240000000000000,7.200000000000000,6.15,,,,3.920,,
1965-08-01,,6.6800,,5.300000000000000,7.300000000000000,6.16,,,,3.920,,
1965-09-01,,6.4700,,5.300000000000000,7.400000000000000,6.22,,,,3.940,,
1965-10-01,,6.4300,,5.360000000000000,7.500000000000000,6.34,,,,3.960,,
1965-11-01,,6.4100,,5.420000000000000,7.500000000000000,6.35,,,,3.980,,
1965-12-01,,6.5900,,5.420000000000000,7.700000000000000,6.28,,,,3.980,,
1966-01-01,,6.4200,,5.410000000000000,7.600000000000000,6.32,,,,3.980,,
1966-02-01,,6.5500,,5.540000000000000,7.600000000000000,6.37,,,,3.980,,
1966-03-01,,6.7300,,5.630000000000000,7.700000000000000,6.41,,,,3.980,,
1966-04-01,,6.7000,,5.600000000000000,8.000000000000000,6.44,,,,4.010,,
1966-05-01,,6.7600,,5.600000000000000,8.199999999999999,6.43,,,,4.020,,
1966-06-01,,7.0000,,5.640000000000000,8.400000000000000,6.72,,,,4.040,,
1966-07-01,,7.3400,,5.720000000000000,8.600000000000000,6.60,,,,4.160,,
1966-08-01,,7.4900,,5.880000000000000,8.600000000000000,6.66,,,,4.240,,
1966-09-01,,7.0000,,5.790000000000000,8.500000000000000,6.71,,,,4.270,,
1966-10-01,,6.9200,,5.730000000000000,8.400000000000000,6.76,,,,4.360,,
1966-11-01,,6.8600,,5.820000000000000,8.199999999999999,6.74,,,,4.400,,
1966-12-01,,6.6300,,5.860000000000000,7.700000000000000,6.79,,,,4.530,,
1967-01-01,,6.5700,,5.620000000000000,7.500000000000000,6.78,,,,4.740,,
1967-02-01,,6.4000,,5.570000000000000,7.400000000000000,6.73,,,,4.740,,
1967-03-01,,6.4300,,5.500000000000000,7.200000000000000,6.64,,,,4.720,,
1967-04-01,,6.3700,,5.510000000000000,6.900000000000000,6.72,,,,4.690,,
1967-05-01,,6.4200,,5.720000000000000,6.900000000000000,6.67,,,,4.680,,
1967-06-01,,6.6400,,5.850000000000000,6.900000000000000,6.71,,,,4.750,,
1967-07-01,,6.8100,,5.850000000000000,6.900000000000000,6.68,,,,4.600,,
1967-08-01,,6.7100,,5.920000000000000,6.800000000000000,6.63,,,,4.480,,
1967-09-01,,6.7400,,6.050000000000000,6.700000000000000,6.71,,,,4.320,,
1967-10-01,,6.9000,,6.320000000000000,6.700000000000000,6.69,,,,4.450,,
1967-11-01,,7.1000,,6.390000000000000,6.800000000000000,6.77,,,,4.520,,
1967-12-01,,7.3100,,6.480000000000000,6.800000000000000,6.75,,,,4.550,,
1968-01-01,,7.3000,,6.490000000000000,6.700000000000000,6.78,,,,4.590,,
1968-02-01,,7.2700,,6.690000000000000,6.700000000000000,6.77,,,,4.390,,
1968-03-01,,7.3000,,6.880000000000000,6.700000000000000,6.77,,,,4.350,,
1968-04-01,,7.2700,,6.610000000000000,6.600000000000000,6.73,,,,4.370,,
1968-05-01,,7.3600,,6.810000000000000,6.400000000000000,6.98,,,,4.350,,
1968-06-01,,7.6100,,6.740000000000000,6.400000000000000,7.01,,,,4.340,,
1968-07-01,,7.6900,,6.600000000000000,6.400000000000000,6.94,,,,4.350,,
1968-08-01,,7.5500,,6.450000000000000,6.300000000000000,6.90,,,,4.350,,
1968-09-01,,7.5000,,6.510000000000000,6.300000000000000,6.93,,,,4.340,,
1968-10-01,,7.5200,,6.800000000000000,6.300000000000000,6.95,,,,4.380,,
1968-11-01,,7.7300,,6.930000000000000,6.300000000000000,7.23,,,,4.330,,
1968-12-01,,8.0100,,7.190000000000000,6.300000000000000,7.42,,,,4.330,,
1969-01-01,,8.2600,,7.230000000000000,6.300000000000000,7.56,,,,4.380,,
1969-02-01,,8.4000,,7.160000000000000,6.300000000000000,7.87,,,,4.400,,
1969-03-01,,8.6600,,7.240000000000000,6.400000000000000,8.10,,,,4.600,,
1969-04-01,,8.6500,,7.230000000000000,6.500000000000000,8.08,,,,4.670,,
1969-05-01,,8.9700,,7.380000000000000,6.500000000000000,8.12,,,,4.580,,
1969-06-01,,9.2900,,7.550000000000000,6.700000000000000,8.18,,,,4.690,,
1969-07-01,,8.9800,5.80000000000000,7.540000000000000,6.900000000000000,8.16,,,,5.000,,
1969-08-01,,9.0200,5.79000000000000,7.510000000000000,6.900000000000000,8.21,,,,5.200,,
1969-09-01,,9.0600,5.81000000000000,7.720000000000000,7.200000000000000,8.27,,,,5.370,,
1969-10-01,,8.8400,5.83000000000000,7.840000000000000,7.400000000000000,8.44,,,,5.230,,
1969-11-01,,8.9200,5.85000000000000,8.029999999999999,7.400000000000000,8.51,,,,5.340,,
1969-12-01,,8.9100,5.95000000000000,8.270000000000000,7.600000000000000,8.63,,,,5.340,,
1970-01-01,,8.8900,5.95000000000000,8.340000000000000,7.600000000000000,8.74,,,5.54,5.330,,
1970-02-01,,8.6800,5.96000000000000,8.210000000000001,7.800000000000000,8.84,,,5.53,5.550,,
1970-03-01,,8.5400,6.05000000000000,8.050000000000001,8.100000000000000,8.76,,,5.54,5.660,,
1970-04-01,,8.5500,6.94000000000000,7.880000000000000,8.100000000000000,8.63,,,5.55,5.880,,
1970-05-01,,8.8000,6.85000000000000,8.180000000000000,8.400000000000000,8.62,,,5.53,5.860,,
1970-06-01,,8.8500,6.86000000000000,8.060000000000000,8.699999999999999,8.55,,,5.50,5.870,,
1970-07-01,,8.5000,6.89000000000000,7.970000000000000,8.699999999999999,8.46,,,5.47,5.810,,
1970-08-01,,8.3300,6.87000000000000,7.990000000000000,8.400000000000000,8.39,,,5.47,5.760,,
1970-09-01,,8.4300,6.87000000000000,7.920000000000000,8.500000000000000,8.48,,,5.49,5.740,,
1970-10-01,,8.4200,6.88000000000000,7.930000000000000,8.699999999999999,8.47,,,5.49,5.750,,
1970-11-01,,8.6900,6.83000000000000,7.800000000000000,8.600000000000000,8.41,,,5.49,5.680,,
1970-12-01,,8.9300,6.81000000000000,7.260000000000000,8.199999999999999,8.26,,,5.49,5.700,,
1971-01-01,,8.8000,6.85000000000000,6.690000000000000,7.700000000000000,8.33,,,5.51,5.580,,
1971-02-01,,8.5900,6.85000000000000,6.810000000000000,7.700000000000000,8.40,,,5.51,5.520,,
1971-03-01,,8.3400,6.84000000000000,6.800000000000000,7.900000000000000,8.42,,,5.51,5.440,,
1971-04-01,,8.2100,6.85000000000000,6.830000000000000,7.900000000000000,8.43,,,5.51,5.270,,
1971-05-01,,8.0900,6.82000000000000,7.190000000000000,8.000000000000000,8.46,,,5.51,5.320,,
1971-06-01,,8.1400,6.83000000000000,7.250000000000000,8.199999999999999,8.45,,,5.51,5.380,,
1971-07-01,,7.7100,6.81000000000000,7.410000000000000,8.300000000000001,8.48,,,5.52,5.450,,
1971-08-01,,7.6900,6.82000000000000,7.340000000000000,8.300000000000001,8.44,,,5.53,5.310,,
1971-09-01,,7.4700,6.78000000000000,7.000000000000000,8.100000000000000,8.46,,,5.52,5.100,,
1971-10-01,,7.2400,6.58000000000000,6.820000000000000,8.000000000000000,8.46,,,5.52,4.970,,
1971-11-01,,7.0500,6.38000000000000,6.660000000000000,7.900000000000000,8.45,,,5.52,4.860,,
1971-12-01,,7.0900,6.15000000000000,6.540000000000000,7.900000000000000,8.28,,,5.53,4.990,,
1972-01-01,,7.0300,6.14000000000000,6.660000000000000,7.600000000000000,8.41,,,5.53,4.760,,
1972-02-01,,7.0500,5.84000000000000,6.870000000000000,7.300000000000000,8.33,,,5.53,4.600,,
1972-03-01,,7.3900,5.84000000000000,7.070000000000000,7.400000000000000,8.07,,,5.53,4.770,,
1972-04-01,,7.4400,5.85000000000000,7.320000000000000,7.700000000000000,7.92,,,5.53,4.940,,
1972-05-01,,7.8500,5.85000000000000,7.330000000000000,7.800000000000000,7.90,,,5.52,4.930,,
1972-06-01,,8.9500,5.85000000000000,7.390000000000000,7.900000000000000,7.83,,,5.52,5.060,,
1972-07-01,,8.9000,5.80000000000000,7.480000000000000,8.000000000000000,7.80,,,5.45,4.950,,
1972-08-01,,9.0500,5.75000000000000,7.460000000000000,7.900000000000000,7.86,,,5.54,4.930,,
1972-09-01,,9.2900,5.75000000000000,7.480000000000000,7.900000000000000,7.83,,,5.54,4.980,,
1972-10-01,,9.1000,5.77000000000000,7.340000000000000,8.000000000000000,7.91,,,5.52,5.080,,
1972-11-01,,9.0900,5.76000000000000,7.180000000000000,8.400000000000000,8.02,,,5.53,5.290,,
1972-12-01,,9.3600,5.78000000000000,7.120000000000000,8.600000000000000,8.28,,,5.54,5.270,,
1973-01-01,,9.1700,5.69000000000000,7.120000000000000,8.600000000000000,8.33,,,5.54,5.360,,
1973-02-01,,9.3300,5.76000000000000,7.180000000000000,8.600000000000000,8.38,,,5.53,5.320,,
1973-03-01,,9.7800,5.80000000000000,7.300000000000000,8.600000000000000,8.53,,,5.55,5.290,,
1973-04-01,,9.6600,6.12000000000000,7.340000000000000,8.800000000000001,8.62,,,5.55,5.420,,
1973-05-01,,9.7400,6.20000000000000,7.580000000000000,9.199999999999999,8.69,,,5.55,5.370,,
1973-06-01,,9.8800,6.72000000000000,7.760000000000000,9.900000000000000,8.88,,,5.66,5.360,,
1973-07-01,,10.4300,6.74000000000000,7.750000000000000,9.900000000000000,9.15,,,5.99,5.360,,
1973-08-01,,11.2200,6.73000000000000,7.800000000000000,9.800000000000001,9.33,,,6.01,5.650,,
1973-09-01,,11.4800,8.38000000000000,7.820000000000000,9.600000000000000,9.42,,,6.03,5.790,,
1973-10-01,,11.2900,8.35000000000000,7.630000000000000,9.699999999999999,9.50,,,6.02,5.770,,
1973-11-01,,12.0800,8.35000000000000,7.370000000000000,9.400000000000000,9.50,,,6.05,6.130,,
1973-12-01,,12.6400,8.36000000000000,7.690000000000000,9.600000000000000,9.65,,,6.08,6.310,,
1974-01-01,,13.0000,8.36000000000000,7.740000000000000,9.600000000000000,10.21,,,6.06,6.380,,
1974-02-01,,13.4600,8.36000000000000,7.730000000000000,9.900000000000000,10.48,,,6.04,6.590,,
1974-03-01,,13.5100,8.37000000000000,7.920000000000000,10.500000000000000,10.69,,,6.04,7.090,,
1974-04-01,,13.8200,8.38000000000000,8.590000000000000,10.400000000000000,10.70,,,6.05,7.230,,
1974-05-01,,13.3300,8.45000000000000,8.869999999999999,10.600000000000000,10.80,,,6.05,7.300,,
1974-06-01,,13.8100,9.52000000000000,9.260000000000000,10.699999999999999,11.45,,,6.14,7.280,,
1974-07-01,,14.1700,9.50000000000000,9.660000000000000,10.800000000000001,11.40,,,6.12,7.230,,
1974-08-01,,14.5200,9.50000000000000,9.730000000000000,10.800000000000001,11.40,,,6.09,7.360,,
1974-09-01,,14.1700,9.50000000000000,9.760000000000000,10.800000000000001,11.38,,,6.08,7.410,,
1974-10-01,,14.6100,9.50000000000000,9.420000000000000,10.800000000000001,11.14,,,6.10,7.320,,
1974-11-01,,15.7600,9.50000000000000,8.920000000000000,10.500000000000000,11.17,,,6.11,7.190,,
1974-12-01,,16.3200,9.50000000000000,8.840000000000000,9.900000000000000,11.21,,,6.11,7.170,,
1975-01-01,,15.0700,9.40000000000000,8.420000000000000,9.400000000000000,10.90,,,6.11,6.830,,
1975-02-01,,13.3300,9.50000000000000,8.199999999999999,8.900000000000000,10.69,,,6.11,6.660,,
1975-03-01,,12.2400,9.50000000000000,8.260000000000000,8.900000000000000,10.34,,,6.10,6.790,,
1975-04-01,,12.4200,9.50000000000000,8.730000000000000,8.800000000000001,10.36,,,6.10,6.870,,
1975-05-01,,13.1100,9.50000000000000,8.810000000000000,8.600000000000000,10.31,,,6.10,6.760,,
1975-06-01,,12.9900,9.50000000000000,8.800000000000001,8.400000000000000,10.21,,,6.11,6.510,,
1975-07-01,,12.7500,10.00000000000000,9.060000000000000,8.500000000000000,10.20,,,6.10,6.450,,
1975-08-01,,12.7700,10.00000000000000,9.410000000000000,8.500000000000000,10.11,,,6.63,6.180,,
1975-09-01,,12.7600,10.00000000000000,9.699999999999999,8.500000000000000,10.10,,,6.63,6.210,,
1975-10-01,,13.5100,10.00000000000000,9.539999999999999,8.500000000000000,10.15,,,6.63,6.080,,
1975-11-01,,13.6600,10.00000000000000,9.449999999999999,8.600000000000000,10.19,,,6.64,5.960,,
1975-12-01,,13.5700,10.00000000000000,9.539999999999999,8.500000000000000,10.18,,,6.66,5.930,,
1976-01-01,,12.6400,10.02000000000000,9.390000000000001,8.300000000000001,10.16,,,6.92,5.400,,
1976-02-01,,12.1300,10.00000000000000,9.289999999999999,8.199999999999999,10.16,,,6.92,5.290,,
1976-03-01,,12.5500,9.99000000000000,9.470000000000001,7.900000000000000,10.29,,,8.60,5.140,,
1976-04-01,,12.4700,10.00000000000000,9.330000000000000,7.900000000000000,10.24,,,8.60,5.190,,
1976-05-01,,12.3700,10.00000000000000,9.330000000000000,8.100000000000000,10.19,,,8.60,5.210,,
1976-06-01,,13.4500,9.99000000000000,9.320000000000000,8.199999999999999,10.37,,,8.60,5.120,,
1976-07-01,,13.5600,10.00000000000000,9.350000000000000,8.400000000000000,10.51,,,8.58,5.090,,
1976-08-01,,13.6700,9.99000000000000,9.320000000000000,8.300000000000001,10.61,,,8.58,4.990,,
1976-09-01,,14.1800,9.99000000000000,9.140000000000001,8.100000000000000,10.66,,,8.58,4.890,,
1976-10-01,,15.6700,9.98000000000000,9.130000000000001,8.000000000000000,10.95,,,8.72,4.600,,
1976-11-01,,15.4600,10.00000000000000,9.010000000000000,7.600000000000000,10.94,,,8.70,4.410,,
1976-12-01,,15.1700,10.41000000000000,8.670000000000000,7.400000000000000,11.04,,,8.70,4.460,,
1977-01-01,,14.0700,10.40000000000000,8.500000000000000,7.200000000000000,10.66,,,8.70,4.050,,
1977-02-01,,13.3400,10.40000000000000,8.570000000000000,7.200000000000000,10.72,,,8.70,3.970,,
1977-03-01,,12.4400,10.40000000000000,8.760000000000000,7.000000000000000,10.88,,,8.71,3.950,,
1977-04-01,,12.1800,10.40000000000000,8.800000000000001,6.600000000000000,11.12,,,8.71,3.930,,
1977-05-01,,11.8600,10.41000000000000,8.810000000000000,6.500000000000000,11.19,,,8.71,4.440,,
1977-06-01,,12.5200,10.41000000000000,8.740000000000000,6.600000000000000,11.11,,,8.53,4.490,,
1977-07-01,,12.8700,10.41000000000000,8.720000000000001,6.400000000000000,11.07,,,8.53,4.220,,
1977-08-01,,12.2900,10.41000000000000,8.670000000000000,6.200000000000000,11.00,,,9.98,4.080,,
1977-09-01,,11.0300,10.18000000000000,8.570000000000000,6.200000000000000,10.97,,,10.05,3.940,,
1977-10-01,,10.3100,10.01000000000000,8.690000000000000,6.200000000000000,11.01,,,10.33,3.850,,
1977-11-01,,10.7200,9.79000000000000,8.730000000000000,6.200000000000000,11.10,,,9.92,3.840,,
1977-12-01,,10.7000,9.50000000000000,8.760000000000000,6.100000000000000,11.07,,,10.00,3.780,,
1978-01-01,,10.6100,9.36000000000000,8.980000000000000,5.900000000000000,11.25,,,10.00,3.650,,
1978-02-01,,10.3900,9.20000000000000,9.119999999999999,5.800000000000000,11.36,,,9.98,3.450,,
1978-03-01,,11.2000,9.20000000000000,9.150000000000000,5.700000000000000,11.07,,,10.00,3.490,,
1978-04-01,,11.9100,9.17000000000000,9.230000000000000,5.700000000000000,10.75,,,9.99,3.400,,
1978-05-01,,12.2800,9.10000000000000,9.160000000000000,5.900000000000000,10.76,,,9.99,3.480,,
1978-06-01,,12.4800,9.10000000000000,9.230000000000000,6.000000000000000,10.60,,,9.99,3.390,,
1978-07-01,,12.3700,9.10000000000000,9.190000000000000,6.200000000000000,10.49,,,9.79,3.370,,
1978-08-01,,12.2300,9.00000000000000,9.130000000000001,6.400000000000000,10.40,,,9.99,3.310,,
1978-09-01,,12.3800,9.00000000000000,9.160000000000000,6.300000000000000,10.37,,,9.97,3.250,,
1978-10-01,,12.7200,8.89000000000000,9.300000000000001,6.400000000000000,10.21,,,10.01,3.070,,
1978-11-01,,13.0900,8.80000000000000,9.550000000000001,6.600000000000000,10.14,,,10.02,3.030,,
1978-12-01,,13.1200,8.80000000000000,9.630000000000001,6.700000000000000,9.94,,,10.02,3.030,,
1979-01-01,,13.5500,8.85000000000000,9.830000000000000,6.800000000000000,9.68,,,10.10,3.110,,
1979-02-01,,13.9900,9.00000000000000,9.910000000000000,7.100000000000000,9.77,,,10.05,3.080,,
1979-03-01,,12.0800,9.35000000000000,9.920000000000000,7.200000000000000,9.65,,,10.02,3.220,,
1979-04-01,,11.3900,9.65000000000000,9.760000000000000,7.300000000000000,9.64,,,12.64,3.210,,
1979-05-01,,11.7500,9.70000000000000,9.760000000000000,7.800000000000000,9.96,,,12.95,3.180,,
1979-06-01,,12.5600,10.00000000000000,9.740000000000000,8.000000000000000,10.71,,,12.64,3.450,,
1979-07-01,,12.3400,10.07000000000000,9.760000000000000,7.900000000000000,11.25,,,12.08,3.490,,
1979-08-01,,12.2600,10.07000000000000,10.010000000000000,7.600000000000000,11.67,,,12.35,3.510,,
1979-09-01,,12.5600,10.07000000000000,10.289999999999999,7.500000000000000,11.56,,,,3.500,,
1979-10-01,,13.0900,10.07000000000000,10.850000000000000,7.700000000000000,11.60,,,13.00,3.600,,
1979-11-01,,14.7600,10.08000000000000,11.119999999999999,8.000000000000000,12.09,,,12.96,4.040,,
1979-12-01,,15.0200,10.08000000000000,11.199999999999999,7.900000000000000,12.59,,,12.98,4.040,,
1980-01-01,,14.4100,10.45000000000000,11.690000000000000,8.000000000000000,12.52,,,13.44,4.480,,
1980-02-01,,14.7400,10.55000000000000,12.609999999999999,8.400000000000000,14.11,,,13.45,4.720,,
1980-03-01,,14.9300,11.20000000000000,13.220000000000001,9.400000000000000,14.44,,,13.57,5.100,,
1980-04-01,,14.4200,11.73000000000000,12.560000000000000,9.400000000000000,13.95,,,13.47,4.970,,
1980-05-01,,14.1100,11.78000000000000,11.400000000000000,8.300000000000001,13.49,,,13.44,4.820,,
1980-06-01,,13.7800,11.76000000000000,11.279999999999999,8.100000000000000,13.34,,,13.49,4.720,,
1980-07-01,,13.0800,11.78000000000000,11.600000000000000,7.900000000000000,13.43,,,13.40,4.600,,
1980-08-01,,13.7000,11.82000000000000,12.380000000000001,7.800000000000000,13.46,,,13.25,4.870,,
1980-09-01,,13.4700,11.78000000000000,12.590000000000000,8.100000000000000,13.85,,,12.98,4.870,,
1980-10-01,,13.2000,11.90000000000000,12.760000000000000,8.300000000000001,14.27,,,12.96,4.690,,
1980-11-01,,13.3400,12.42000000000000,13.029999999999999,8.600000000000000,14.24,,,12.96,4.680,,
1980-12-01,,13.7800,12.60000000000000,12.940000000000000,8.800000000000001,14.31,,,12.99,4.630,,
1981-01-01,,13.9700,13.10000000000000,12.820000000000000,9.000000000000000,14.58,,,12.81,4.790,,
1981-02-01,,13.8400,13.10000000000000,13.300000000000001,9.800000000000001,15.05,,,12.97,5.200,,
1981-03-01,,13.6600,13.10000000000000,13.369999999999999,10.199999999999999,14.98,,,12.88,5.470,,
1981-04-01,,13.6600,13.10000000000000,14.250000000000000,10.000000000000000,14.97,,,12.85,5.480,,
1981-05-01,,14.4000,13.10000000000000,15.340000000000000,10.500000000000000,17.25,,,12.85,5.850,,
1981-06-01,,14.6900,13.10000000000000,14.760000000000000,10.500000000000000,17.32,,,12.90,5.620,,
1981-07-01,,15.2800,13.90000000000000,15.890000000000001,10.500000000000000,17.11,,,12.90,5.510,,
1981-08-01,,15.2300,15.00000000000000,16.449999999999999,10.699999999999999,17.03,,,13.02,5.840,,
1981-09-01,,15.8100,15.00000000000000,17.000000000000000,10.600000000000000,17.08,,,12.77,6.130,,
1981-10-01,,16.3400,15.00000000000000,16.760000000000002,10.199999999999999,16.94,,,12.57,5.990,,
1981-11-01,,15.7200,15.00000000000000,14.930000000000000,9.900000000000000,16.75,,,12.92,5.570,,
1981-12-01,,16.0000,15.00000000000000,15.000000000000000,9.699999999999999,16.44,,,12.55,5.390,,
1982-01-01,,15.9400,15.00000000000000,15.820000000000000,9.800000000000001,16.42,,,12.78,5.350,,
1982-02-01,,15.0900,15.10000000000000,15.660000000000000,9.699999999999999,16.29,,,12.78,5.490,,
1982-03-01,,14.0100,15.15000000000000,14.949999999999999,9.400000000000000,16.35,,,12.98,4.960,,
1982-04-01,,14.2000,15.20000000000000,14.930000000000000,8.900000000000000,16.29,,,12.92,4.840,,
1982-05-01,,13.8900,16.40000000000000,14.699999999999999,8.699999999999999,16.13,,,12.97,4.770,,
1982-06-01,,13.7500,16.40000000000000,15.960000000000001,9.100000000000000,15.98,,,12.99,5.050,,
1982-07-01,,13.3500,16.40000000000000,16.162500000000001,9.300000000000001,15.96,,,12.97,4.730,,
1982-08-01,,12.2100,16.50000000000000,14.962500000000000,9.000000000000000,15.79,,,12.73,4.350,,
1982-09-01,,11.5100,15.20000000000000,13.926000000000000,8.600000000000000,15.76,,,12.94,4.080,,
1982-10-01,,10.6900,14.55000000000000,12.734999999999999,8.300000000000001,15.81,,,12.82,3.900,,
1982-11-01,,10.8000,14.60000000000000,11.770000000000000,8.199999999999999,15.79,,,13.00,3.870,,
1982-12-01,,11.5800,14.00000000000000,11.648000000000000,7.900000000000000,15.40,,,12.84,3.790,,
1983-01-01,,11.8700,13.00000000000000,11.365000000000000,7.800000000000000,14.99,,,12.77,3.860,,
1983-02-01,,11.7900,13.60000000000000,11.432499999999999,7.800000000000000,14.90,,,12.95,3.860,,
1983-03-01,,11.3800,14.40000000000000,11.186000000000000,7.600000000000000,14.65,,,12.69,4.140,,
1983-04-01,,11.0600,14.10000000000000,11.067500000000001,7.700000000000000,14.55,,,13.95,4.060,,
1983-05-01,,11.1600,13.10000000000000,10.710000000000001,7.800000000000000,14.55,,,14.00,4.180,,
1983-06-01,,10.9900,14.70000000000000,11.045999999999999,8.199999999999999,14.52,,,13.59,4.280,,
1983-07-01,,11.5300,14.80000000000000,11.567500000000001,8.199999999999999,14.04,,,14.02,4.200,,
1983-08-01,,11.7200,14.70000000000000,11.789999999999999,8.400000000000000,13.96,,,10.41,4.450,,
1983-09-01,,11.2500,14.15000000000000,11.770000000000000,8.500000000000000,14.03,,,10.13,4.390,,
1983-10-01,,11.0200,13.40000000000000,11.547499999999999,8.300000000000001,14.15,,,10.57,4.260,,
1983-11-01,,10.6800,13.20000000000000,11.516000000000000,8.300000000000001,14.12,,,10.61,4.250,,
1983-12-01,,10.7700,13.50000000000000,11.785000000000000,8.400000000000000,13.96,,,10.50,4.160,,
1984-01-01,,10.7700,13.50000000000000,11.717499999999999,8.400000000000000,13.76,,,10.84,4.310,,
1984-02-01,,10.8700,14.00000000000000,11.872000000000000,8.199999999999999,13.87,,,11.53,4.390,,
1984-03-01,,10.6600,14.10000000000000,12.842499999999999,8.100000000000000,13.98,,,10.44,4.377,,
1984-04-01,,10.8500,13.90000000000000,13.234999999999999,8.100000000000000,13.81,,,8.91,4.471,,
1984-05-01,,11.3800,14.15000000000000,13.640000000000001,8.199999999999999,13.82,,,8.55,4.635,,
1984-06-01,,11.5900,13.75000000000000,13.667500000000000,8.199999999999999,13.99,,,10.06,4.529,,
1984-07-01,,12.0700,13.15000000000000,13.730000000000000,8.199999999999999,13.91,,,10.25,4.660,,
1984-08-01,,11.4100,12.80000000000000,12.912000000000001,8.100000000000000,13.58,,,15.03,4.618,,
1984-09-01,,11.2300,13.10000000000000,12.767500000000000,7.800000000000000,13.05,,,15.31,4.680,,
1984-10-01,,11.1000,13.20000000000000,12.544000000000000,7.600000000000000,12.02,,,16.65,4.740,,
1984-11-01,,10.7300,13.25000000000000,11.930000000000000,7.400000000000000,12.36,,,16.90,4.622,,
1984-12-01,,10.8700,13.40000000000000,11.662500000000000,7.200000000000000,12.70,,,16.85,4.603,,
1985-01-01,,11.3600,13.10000000000000,11.406000000000001,7.300000000000000,12.12,,,17.10,4.706,,12.50000000000000
1985-02-01,,11.4900,13.70000000000000,11.855000000000000,7.600000000000000,12.25,,,17.35,4.930,,12.74000000000000
1985-03-01,,11.3300,13.80000000000000,12.160000000000000,7.700000000000000,12.27,,,17.43,4.866,,12.81000000000000
1985-04-01,,11.0700,13.95000000000000,11.545000000000000,7.400000000000000,11.98,,,17.73,4.761,,12.87000000000000
1985-05-01,,11.2300,13.80000000000000,11.074000000000000,7.200000000000000,11.72,,,18.71,4.737,,12.87000000000000
1985-06-01,,11.0300,13.50000000000000,10.515000000000001,7.100000000000000,12.12,,,17.24,4.776,,12.92000000000000
1985-07-01,,10.7700,13.40000000000000,10.593999999999999,6.900000000000000,11.87,,,17.30,4.779,,13.01000000000000
1985-08-01,,10.6900,13.95000000000000,10.595000000000001,6.700000000000000,11.96,,,17.83,4.686,,13.00000000000000
1985-09-01,,10.6800,13.80000000000000,10.792500000000000,6.500000000000000,11.97,,,18.27,4.650,,12.99000000000000
1985-10-01,,10.5200,14.55000000000000,10.667999999999999,6.700000000000000,11.59,,,18.62,4.575,,12.97000000000000
1985-11-01,,10.6900,15.05000000000000,10.017500000000000,6.800000000000000,11.22,,,17.38,4.514,,13.00000000000000
1985-12-01,,10.7800,14.85000000000000,9.720000000000001,6.600000000000000,11.33,,,16.93,4.421,,13.26000000000000
1986-01-01,,11.1300,14.10000000000000,10.042000000000000,6.500000000000000,10.79,,,17.98,4.414,,13.49000000000000
1986-02-01,,10.7300,13.70000000000000,9.967499999999999,6.400000000000000,10.10,,,18.48,4.258,,13.48000000000000
1986-03-01,,9.6900,12.60000000000000,9.402500000000000,6.100000000000000,9.29,,,17.87,4.173,,13.37000000000000
1986-04-01,,8.9400,12.25000000000000,8.848000000000001,5.700000000000000,8.56,,,17.64,4.261,,13.05000000000000
1986-05-01,,9.1500,12.65000000000000,8.932499999999999,6.100000000000000,8.58,,,15.65,4.396,,13.02000000000000
1986-06-01,,9.4500,12.95000000000000,9.119999999999999,6.200000000000000,8.65,,,15.07,4.426,,13.27000000000000
1986-07-01,,9.6100,14.20000000000000,8.872000000000000,6.100000000000000,8.55,,,15.94,4.317,,13.35000000000000
1986-08-01,,9.6600,14.10000000000000,8.824999999999999,5.900000000000000,8.05,,,16.07,4.117,,13.35000000000000
1986-09-01,,10.2800,13.85000000000000,9.002500000000000,6.000000000000000,8.51,,,15.64,4.180,,13.21000000000000
1986-10-01,,10.9200,13.60000000000000,9.166000000000000,6.300000000000000,8.97,,,15.25,4.078,,13.12000000000000
1986-11-01,,11.0800,13.60000000000000,8.902500000000000,6.400000000000000,9.49,,,15.58,4.088,,13.25000000000000
1986-12-01,,10.9800,13.40000000000000,8.666000000000000,6.200000000000000,9.89,,,16.20,4.051,10.9900000,13.63000000000000
1987-01-01,,10.2700,13.80000000000000,8.330000000000000,6.100000000000000,8.86,,,16.00,3.930,11.6800000,13.55000000000000
1987-02-01,,9.9700,14.00000000000000,8.457500000000000,6.100000000000000,9.12,,,16.44,4.006,11.4700000,13.41000000000000
1987-03-01,,9.1100,13.45000000000000,8.282500000000001,6.000000000000000,8.67,,,16.76,4.037,11.2300000,13.40000000000000
1987-04-01,,9.1400,13.05000000000000,8.827999999999999,5.800000000000000,8.69,,,16.00,4.035,11.1600000,13.38000000000000
1987-05-01,,8.8000,13.00000000000000,9.592499999999999,5.700000000000000,8.94,,,15.70,4.069,11.7800000,13.43000000000000
1987-06-01,,8.9300,12.80000000000000,9.332500000000000,6.000000000000000,9.32,,,15.49,4.015,11.7800000,13.46000000000000
1987-07-01,,9.2900,12.95000000000000,9.574000000000000,6.300000000000000,9.37,,,15.58,3.981,11.7700000,13.43000000000000
1987-08-01,,10.1300,12.95000000000000,10.095000000000001,6.500000000000000,9.83,,,15.65,4.059,11.9700000,13.27000000000000
1987-09-01,,10.2100,12.50000000000000,10.722000000000000,6.700000000000000,10.25,,,15.67,4.328,12.0200000,12.77000000000000
1987-10-01,,10.1400,13.65000000000000,10.437500000000000,6.900000000000000,10.70,,,15.65,4.121,12.0000000,12.95000000000000
1987-11-01,,9.2300,13.30000000000000,9.875000000000000,6.400000000000000,9.96,,,15.17,3.860,11.5900000,13.27000000000000
1987-12-01,,9.6300,12.85000000000000,10.122000000000000,6.500000000000000,9.98,,,14.41,3.952,11.7100000,13.34000000000000
1988-01-01,,9.7100,12.40000000000000,9.715000000000000,6.500000000000000,9.81,,,14.13,4.092,11.6600000,13.38000000000000
1988-02-01,,9.5200,12.30000000000000,9.199999999999999,6.300000000000000,9.13,,,13.66,4.098,11.2900000,13.33000000000000
1988-03-01,,9.2200,11.90000000000000,9.422000000000001,6.200000000000000,9.26,,,13.05,3.998,11.3300000,13.25000000000000
1988-04-01,,9.2000,11.50000000000000,9.692500000000001,6.300000000000000,9.20,,,12.95,3.965,11.3900000,13.18000000000000
1988-05-01,,9.4100,12.30000000000000,9.942500000000001,6.600000000000000,9.25,,,12.78,4.127,11.5300000,13.06000000000000
1988-06-01,,9.5100,11.95000000000000,9.722000000000000,6.600000000000000,8.96,,,12.81,4.155,11.2900000,12.81000000000000
1988-07-01,,9.8400,11.95000000000000,9.900000000000000,6.700000000000000,8.98,,,12.69,4.222,11.3600000,12.75000000000000
1988-08-01,,9.9100,11.80000000000000,10.242000000000001,6.800000000000000,9.24,,,12.74,4.292,11.5600000,12.85000000000000
1988-09-01,,10.1000,11.95000000000000,10.150000000000000,6.600000000000000,9.01,,,12.76,4.257,11.4700000,12.90000000000000
1988-10-01,,9.6900,11.90000000000000,9.847500000000000,6.400000000000000,8.76,,,12.82,4.014,11.3600000,12.78000000000000
1988-11-01,,9.8600,12.35000000000000,10.020000000000000,6.400000000000000,8.74,,,13.20,4.042,11.0500000,12.49000000000000
1988-12-01,,10.1400,12.95000000000000,10.117500000000000,6.500000000000000,8.69,,,13.80,4.107,10.9300000,11.97000000000000
1989-01-01,,9.9600,13.30000000000000,10.127142857142900,6.700000000000000,8.57,,4.800,13.38,4.517,10.4800000,11.33000000000000
1989-02-01,,9.7200,13.65000000000000,10.255500000000000,6.900000000000000,8.95,,4.894,13.10,4.719,10.5200000,10.77000000000000
1989-03-01,,9.8800,13.65000000000000,10.563181818181800,7.000000000000000,9.08,,5.147,13.23,4.798,10.9200000,10.79000000000000
1989-04-01,,10.1800,13.40000000000000,10.326000000000001,6.900000000000000,8.86,,5.221,13.30,5.054,11.0400000,10.78000000000000
1989-05-01,,10.1700,13.90000000000000,9.900454545454551,7.100000000000000,8.82,,5.174,13.22,5.242,11.0500000,10.59000000000000
1989-06-01,,10.5500,13.50000000000000,9.432727272727270,6.900000000000000,8.67,,5.225,13.10,5.105,11.1200000,10.77000000000000
1989-07-01,,10.1500,13.35000000000000,9.324500000000000,6.800000000000000,8.55,,5.040,12.95,5.173,11.2000000,10.83000000000000
1989-08-01,,9.9100,12.95000000000000,9.350909090909090,6.800000000000000,8.35,,4.883,12.23,5.195,11.0100000,10.83000000000000
1989-09-01,,10.2100,13.65000000000000,9.546500000000000,7.000000000000000,8.55,,5.096,12.23,5.311,10.9800000,10.62000000000000
1989-10-01,,10.4500,13.55000000000000,9.490500000000001,7.200000000000000,8.81,,5.156,12.46,5.310,11.1700000,10.66000000000000
1989-11-01,,10.5500,13.10000000000000,9.488571428571429,7.500000000000000,9.05,,5.371,12.31,5.437,12.1200000,10.95000000000000
1989-12-01,,10.5600,12.90000000000000,9.581052631578951,7.500000000000000,9.12,,5.520,12.44,5.618,12.5500000,10.99000000000000
1990-01-01,,10.8900,12.80000000000000,9.837727272727269,7.695000000000000,9.54,,6.449,12.26,6.040,12.8700000,10.72000000000000
1990-02-01,,11.3300,13.30000000000000,10.282999999999999,8.574999999999999,9.97,,6.778,12.10,6.292,13.7000000,10.57000000000000
1990-03-01,,12.4200,13.44000000000000,10.805909090909100,8.645000000000000,9.98,,6.899,12.21,6.475,13.7500000,10.70000000000000
1990-04-01,,12.7400,13.78000000000000,11.518500000000000,8.762499999999999,9.59,,6.906,12.38,6.629,13.6400000,10.94000000000000
1990-05-01,,12.4100,13.51000000000000,11.145000000000000,8.715000000000000,9.56,,6.508,12.34,6.300,13.2800000,10.80000000000000
1990-06-01,,11.8000,13.40000000000000,10.740000000000000,8.832500000000000,9.69,,6.421,12.16,6.147,12.8900000,10.76000000000000
1990-07-01,,11.8400,13.16000000000000,10.654285714285701,8.545000000000000,9.59,,6.772,12.08,6.078,12.8200000,10.66000000000000
1990-08-01,,12.1500,13.49000000000000,10.705000000000000,8.997500000000000,10.06,,7.620,12.71,6.484,13.2600000,10.58000000000000
1990-09-01,,12.1000,13.63000000000000,10.979473684210500,9.105000000000000,10.49,,8.032,12.87,6.509,13.3500000,10.57000000000000
1990-10-01,,11.7400,13.35000000000000,11.182727272727300,9.067500000000001,10.38,,7.600,12.92,6.491,13.2500000,10.61000000000000
1990-11-01,,11.3700,12.23000000000000,10.618571428571400,8.932499999999999,10.21,,7.080,12.96,6.563,12.8000000,10.64000000000000
1990-12-01,,10.8400,12.07000000000000,10.254736842105300,8.845000000000001,9.94,,6.454,12.35,6.601,12.3000000,10.61000000000000
1991-01-01,,10.5900,11.52000000000000,10.116363636363600,8.927500000000000,9.77,,6.432,12.14,6.415,11.8500000,10.57000000000000
1991-02-01,,10.1300,11.53000000000000,9.551000000000000,8.350000000000000,9.12,,6.309,11.46,6.221,11.1500000,10.45000000000000
1991-03-01,,10.2900,11.38000000000000,9.621000000000000,8.427500000000000,9.05,13.76700,6.591,11.29,6.155,11.3300000,10.40000000000000
1991-04-01,,10.1900,10.98000000000000,9.520454545454539,8.357500000000000,8.90,13.43335,6.640,10.79,6.016,11.3400000,10.17000000000000
1991-05-01,,10.3800,10.75000000000000,9.581818181818180,8.395000000000000,8.88,13.05977,6.637,9.99,5.813,10.7700000,9.89000000000000
1991-06-01,,10.5800,11.17000000000000,9.926500000000001,8.407500000000001,9.15,13.09360,6.735,9.80,5.971,10.6000000,9.77000000000000
1991-07-01,,10.2800,10.99000000000000,9.977727272727270,8.632500000000000,9.19,13.33709,6.670,9.76,5.996,10.6100000,9.75000000000000
1991-08-01,,10.0300,10.67000000000000,9.741428571428569,8.520000000000000,9.11,13.44835,6.414,9.93,6.107,10.6200000,9.71000000000000
1991-09-01,,9.6400,10.31000000000000,9.441000000000001,8.455000000000000,8.88,13.01710,6.081,9.44,6.198,10.1800000,9.75000000000000
1991-10-01,,9.7200,9.82000000000000,9.006818181818179,8.347500000000000,8.80,12.79061,5.885,8.89,6.698,10.0000000,9.88000000000000
1991-11-01,,9.7700,9.78000000000000,8.573499999999999,8.315000000000000,8.81,12.90780,5.927,8.86,6.637,9.8400000,9.83000000000000
1991-12-01,,9.6600,9.39000000000000,8.413500000000001,8.212500000000000,8.80,12.95205,5.719,8.97,6.370,10.0000000,9.79000000000000
1992-01-01,,9.4600,10.11000000000000,8.140454545454549,7.947500000000000,8.46,12.67724,5.449,8.98,6.175,9.5300000,9.52000000000000
1992-02-01,,9.3000,10.04000000000000,8.387000000000000,7.920000000000000,8.46,12.60755,5.578,9.32,6.132,9.4300000,9.32000000000000
1992-03-01,,9.6800,9.89000000000000,8.744999999999999,8.027500000000000,8.59,12.57459,5.531,9.06,6.676,9.3900000,9.34000000000000
1992-04-01,,9.4300,9.43000000000000,8.788571428571430,8.035000000000000,8.68,12.68986,5.710,8.96,6.545,9.5000000,9.38000000000000
1992-05-01,,9.0200,9.12000000000000,8.545000000000000,8.074999999999999,8.59,12.57850,5.739,8.78,6.861,9.4700000,9.37000000000000
1992-06-01,,9.1200,8.90000000000000,8.238636363636360,8.067500000000001,8.74,13.10173,5.640,8.61,6.924,9.5900000,9.46000000000000
1992-07-01,,9.0500,8.30000000000000,7.726818181818180,8.125000000000000,8.90,13.62965,5.408,7.97,6.867,9.8000000,9.55000000000000
1992-08-01,,9.3500,8.97000000000000,7.293500000000000,8.039999999999999,9.05,13.67938,5.112,7.87,6.854,10.6000000,9.87000000000000
1992-09-01,,9.1900,8.94000000000000,7.474285714285710,7.652500000000000,8.75,14.11282,5.021,7.93,6.292,11.2400000,10.24000000000000
1992-10-01,,8.6500,8.86000000000000,7.678095238095240,7.452500000000000,8.44,14.41945,5.015,7.83,6.092,11.0600000,10.20000000000000
1992-11-01,,8.1900,9.14000000000000,7.856000000000000,7.360000000000000,8.15,13.46552,4.868,7.69,6.063,10.6800000,9.61000000000000
1992-12-01,,8.3200,8.94000000000000,7.861428571428570,7.320000000000000,8.21,13.65935,4.848,7.82,5.680,9.9100000,9.42000000000000
1993-01-01,,8.2900,8.60000000000000,7.969000000000000,7.132500000000000,7.97,13.43032,4.723,7.86,5.539,10.1400000,8.93000000000000
1993-02-01,,7.9500,7.98000000000000,7.658500000000000,6.905000000000000,7.79,13.06245,4.409,7.79,4.907,9.8000000,8.39000000000000
1993-03-01,,7.7200,7.82000000000000,7.443913043478260,6.637500000000000,7.35,12.90191,4.318,7.45,4.688,9.3700000,7.67000000000000
1993-04-01,,7.8900,7.55000000000000,7.468571428571430,6.677500000000000,7.16,13.10724,4.593,7.32,4.845,9.4100000,7.40000000000000
1993-05-01,,8.1500,7.71000000000000,7.566000000000000,6.830000000000000,7.19,12.46333,4.943,7.27,4.846,9.0900000,7.12000000000000
1993-06-01,,7.9600,7.37000000000000,7.455454545454550,6.807500000000000,7.01,11.67300,4.836,7.33,4.566,8.6800000,6.81000000000000
1993-07-01,,7.6200,6.88000000000000,7.203809523809520,6.607500000000000,6.75,11.09691,4.517,6.94,4.546,8.2400000,6.65000000000000
1993-08-01,,7.0700,6.64000000000000,6.954285714285710,6.372500000000000,6.34,9.76355,4.407,6.55,4.479,7.6300000,6.16000000000000
1993-09-01,,6.9600,6.84000000000000,6.881428571428570,6.190000000000000,6.14,9.46900,4.016,6.27,4.455,7.7900000,6.10000000000000
1993-10-01,,6.8700,6.49000000000000,6.797500000000000,5.985000000000000,5.98,9.01524,3.931,6.12,4.208,7.5600000,5.90000000000000
1993-11-01,,6.8500,6.81000000000000,6.849047619047620,5.982500000000000,6.03,9.33257,3.762,6.23,4.247,7.4900000,5.75000000000000
1993-12-01,,6.4253,6.68000000000000,6.693333333333330,5.830000000000000,5.80,8.93267,3.396,6.08,4.136,7.2700000,5.69000000000000
1994-01-01,,6.3794,6.36000000000000,6.464000000000000,5.815000000000000,5.67,8.67110,3.597,5.69,4.206,6.8400000,5.56000000000000
1994-02-01,,6.7572,7.05000000000000,6.706500000000000,6.135000000000000,5.97,8.76695,4.041,5.81,4.465,6.9400000,5.55000000000000
1994-03-01,,7.4170,7.95000000000000,7.465652173913040,6.345000000000000,6.38,9.44509,4.453,6.29,4.634,7.6500000,6.11000000000000
1994-04-01,,7.8401,8.44000000000000,8.080000000000000,6.607000000000000,6.69,9.04684,4.093,7.01,5.062,8.4000000,6.59000000000000
1994-05-01,,8.2825,8.79000000000000,8.440476190476190,6.663500000000000,6.98,9.37136,3.984,7.19,5.046,8.6900000,7.23000000000000
1994-06-01,,8.7105,9.63000000000000,8.998636363636360,7.052380952380950,7.50,10.47673,4.278,7.48,5.334,9.7800000,8.08000000000000
1994-07-01,,8.5330,9.57000000000000,9.145500000000000,6.896190476190480,7.39,10.76752,4.531,8.09,5.273,10.6500000,7.70000000000000
1994-08-01,,8.6524,9.36000000000000,8.896363636363640,7.089565217391300,7.65,11.45814,4.778,8.20,5.492,11.2000000,8.15000000000000
1994-09-01,,8.8959,10.33000000000000,8.902857142857140,7.515454545454550,8.10,11.93741,4.642,9.05,5.636,11.2400000,8.90000000000000
1994-10-01,,8.7797,10.51000000000000,9.061999999999999,7.541500000000000,8.19,12.07052,4.684,8.99,5.594,10.9500000,8.71000000000000
1994-11-01,,8.6361,10.47000000000000,9.151428571428569,7.491428571428570,8.14,12.02343,4.718,9.09,5.368,10.9200000,8.63000000000000
1994-12-01,,8.5814,10.04000000000000,9.065000000000000,7.460952380952380,8.03,12.19645,4.561,8.68,5.304,10.6800000,8.02000000000000
1995-01-01,,8.7349,10.33450000000000,9.349523809523809,7.595909090909090,8.22,12.37090,4.605,8.59,5.322,11.0000000,8.16000000000000
1995-02-01,,8.6557,10.14650000000000,8.901500000000000,7.424000000000000,8.01,12.39185,4.515,8.58,5.325,10.7100000,8.00000000000000
1995-03-01,,8.5938,10.13782608695650,8.642173913043480,7.277391304347830,8.03,13.45274,4.113,8.38,5.179,11.1800000,7.98000000000000
1995-04-01,,8.4378,9.79882352941176,8.416842105263161,7.088333333333330,7.81,13.40478,3.545,7.87,5.033,11.4200000,7.75000000000000
1995-05-01,,8.1802,9.10608695652174,8.060454545454551,6.862380952380950,7.52,12.29932,3.386,7.44,4.873,10.7400000,7.47000000000000
1995-06-01,,8.1097,8.85619047619048,7.858181818181820,6.783000000000000,7.45,12.38327,3.024,7.48,4.936,10.5800000,7.55000000000000
1995-07-01,,8.2613,9.08190476190476,8.076000000000001,6.862380952380950,7.45,12.21214,2.933,7.61,4.859,10.5500000,7.57000000000000
1995-08-01,,8.1169,9.12434782608696,8.264090909090910,6.746086956521740,7.33,11.65590,3.215,7.94,4.730,10.2200000,7.41000000000000
1995-09-01,,7.9486,8.68619047619048,7.928500000000000,6.585238095238100,7.35,11.54429,3.030,7.78,4.555,9.6400000,7.08000000000000
1995-10-01,,8.0967,8.50863636363636,7.720952380952380,6.565238095238100,7.49,11.96223,2.925,7.32,4.380,9.3000000,6.96000000000000
1995-11-01,,7.7752,8.49500000000000,7.473809523809520,6.341818181818180,7.04,11.62786,3.048,7.17,4.057,8.9900000,6.70000000000000
1995-12-01,,7.4926,8.25473684210526,7.249473684210530,6.074736842105260,6.71,11.17111,2.983,7.19,4.090,8.6000000,6.46000000000000
1996-01-01,,7.4408,8.11238095238095,7.091818181818180,5.887272727272730,6.47,10.43191,3.120,7.06,4.437,8.2300000,6.39000000000000
1996-02-01,,7.7618,8.24857142857143,7.240476190476190,6.204285714285710,6.60,10.51886,3.271,7.22,4.358,8.7500000,6.79000000000000
1996-03-01,,8.0570,8.80809523809524,7.621904761904760,6.445238095238100,6.65,10.68752,3.299,7.82,4.406,8.7600000,6.85000000000000
1996-04-01,,8.0602,8.87368421052632,7.699523809523810,6.377000000000000,6.51,10.33900,3.301,8.25,4.329,8.3300000,6.71000000000000
1996-05-01,,8.0871,8.83217391304348,7.768181818181820,6.446000000000000,6.47,9.69577,3.388,8.52,4.682,8.4400000,6.90000000000000
1996-06-01,,8.0540,8.93157894736842,7.809500000000000,6.558947368421050,6.56,9.57035,3.252,8.83,4.627,8.3400000,7.05000000000000
1996-07-01,,7.9162,8.62956521739130,7.711818181818180,6.478695652173910,6.49,9.42804,3.294,8.55,4.561,8.2600000,7.02000000000000
1996-08-01,,7.8219,8.04000000000000,7.305714285714290,6.302272727272730,6.41,9.48390,3.209,8.17,4.467,8.1100000,6.97000000000000
1996-09-01,,7.8151,8.00333333333333,7.338500000000000,6.226666666666670,6.29,9.16838,2.928,8.29,4.256,7.8000000,7.02000000000000
1996-10-01,,7.5413,7.55043478260870,6.644545454545450,6.008636363636360,5.98,8.23278,2.800,7.64,4.166,7.1900000,6.75000000000000
1996-11-01,,7.5952,7.15666666666667,6.135000000000000,5.859523809523810,5.83,7.69285,2.759,7.16,4.191,7.2600000,6.50000000000000
1996-12-01,,7.5716,7.32400000000000,6.392000000000000,5.790000000000000,5.75,7.56547,2.597,7.22,4.125,6.8500000,6.33000000000000
1997-01-01,,7.5552,7.45904761904762,6.632727272727270,5.804090909090910,5.69,7.37543,2.632,7.34,3.959,6.7400000,6.03000000000000
1997-02-01,,7.1962,7.39400000000000,6.303500000000000,5.544500000000000,5.45,7.36335,2.583,7.34,3.517,6.6800000,5.65000000000000
1997-03-01,,7.4544,7.89947368421053,6.539500000000000,5.715263157894740,5.67,7.86940,2.524,7.78,3.853,7.1000000,5.94000000000000
1997-04-01,,7.6380,7.92380952380952,6.784545454545450,5.866818181818180,5.81,7.73686,2.382,8.10,3.769,7.2400000,6.19000000000000
1997-05-01,,7.1681,7.67454545454545,6.573333333333330,5.761111111111110,5.71,7.31986,2.736,7.62,3.586,6.9900000,6.03000000000000
1997-06-01,,7.1418,7.15100000000000,6.271428571428570,5.718571428571430,5.65,7.06638,2.684,7.13,3.522,6.7700000,5.95000000000000
1997-07-01,,7.0577,6.64260869565217,5.963181818181820,5.556521739130440,5.44,6.51817,2.505,6.81,3.585,6.4200000,5.95000000000000
1997-08-01,,7.0893,6.65095238095238,5.994500000000000,5.660000000000000,5.59,6.65750,2.354,7.05,3.692,6.5000000,6.06000000000000
1997-09-01,,6.8216,6.31136363636364,5.876190476190480,5.592727272727270,5.53,6.35582,2.210,6.88,3.704,6.3800000,5.89000000000000
1997-10-01,,6.5109,6.18217391304348,5.609090909090910,5.578181818181820,5.60,6.19691,1.994,6.64,3.719,6.2200000,5.75000000000000
1997-11-01,,6.6240,6.03100000000000,5.503157894736840,5.556500000000000,5.57,6.13295,1.941,6.65,3.692,6.3000000,5.72000000000000
1997-12-01,,6.3739,6.13904761904762,5.665714285714290,5.327368421052630,5.32,5.73768,1.939,6.96,3.445,6.0300000,5.50000000000000
1998-01-01,,6.0978,5.80600000000000,5.360476190476190,5.112380952380950,5.12,5.43435,1.948,6.74,3.084,5.6500000,5.33000000000000
1998-02-01,,6.0461,5.88700000000000,5.434000000000000,4.989000000000000,5.04,5.37490,2.000,6.83,2.964,5.5300000,5.29000000000000
1998-03-01,,5.9920,5.86500000000000,5.427272727272730,4.899545454545450,4.96,5.19768,1.855,6.93,3.109,5.3500000,5.28000000000000
1998-04-01,,5.8249,5.68500000000000,5.312380952380950,4.902000000000000,4.97,5.14619,1.867,6.82,3.344,5.2100000,5.33000000000000
1998-05-01,,5.8648,5.63904761904762,5.387000000000000,4.964736842105260,5.01,5.20760,1.655,6.66,3.179,5.2000000,5.50000000000000
1998-06-01,,5.7743,5.57619047619048,5.318636363636360,4.798500000000000,4.86,5.07895,1.540,6.60,3.308,4.9700000,5.47000000000000
1998-07-01,,5.8319,5.52130434782609,5.347727272727270,4.684782608695650,4.78,4.96996,1.683,6.25,3.190,4.8800000,5.40000000000000
1998-08-01,,5.5706,5.63857142857143,5.565000000000000,4.425238095238090,4.53,4.78729,1.502,6.17,2.988,4.8000000,5.47000000000000
1998-09-01,,5.1510,5.34590909090909,5.246666666666670,4.060909090909090,4.20,4.52582,1.103,6.02,3.086,4.7600000,5.44000000000000
1998-10-01,,5.0114,4.96590909090909,4.908095238095240,4.064545454545450,4.19,4.48631,0.879,5.46,2.914,4.7200000,5.48000000000000
1998-11-01,,4.9292,5.13095238095238,5.169000000000000,4.120476190476190,4.20,4.38351,0.977,5.59,2.659,4.5500000,5.48000000000000
1998-12-01,,4.5175,4.85476190476191,4.872380952380950,3.863500000000000,3.91,3.99512,1.488,5.38,2.710,4.2500000,5.33000000000000
1999-01-01,,4.2868,5.12789473684211,4.946500000000000,3.702000000000000,3.78,3.92233,1.910,5.53,2.555,4.0200000,5.01000000000000
1999-02-01,,4.4319,5.30000000000000,5.124000000000000,3.849000000000000,3.94,4.05379,2.117,5.62,2.550,4.1800000,4.75000000000000
1999-03-01,,4.6554,5.52652173913043,5.220434782608700,4.037826086956520,4.14,4.27124,1.816,5.84,2.604,4.4400000,4.92000000000000
1999-04-01,,4.5920,5.35750000000000,5.029523809523810,3.850000000000000,3.99,4.11022,1.563,5.70,2.534,4.2400000,4.69000000000000
1999-05-01,,4.9068,5.87571428571429,5.359500000000000,4.012105263157890,4.17,4.27919,1.334,6.12,2.720,4.5000000,4.98000000000000
1999-06-01,,5.1716,6.20666666666667,5.580909090909090,4.360476190476190,4.49,4.61521,1.632,6.51,2.937,4.8700000,5.45000000000000
1999-07-01,,5.3721,6.13590909090909,5.490952380952380,4.676363636363640,4.82,4.93770,1.703,6.54,3.044,5.2600000,5.81000000000000
1999-08-01,,5.4312,6.34000000000000,5.755714285714290,4.879090909090910,5.02,5.13436,1.878,6.88,3.169,5.4900000,5.97000000000000
1999-09-01,,5.6909,6.34136363636364,5.721428571428570,5.040454545454550,5.20,5.28188,1.759,6.91,3.427,5.6900000,6.03000000000000
1999-10-01,,5.8801,6.60666666666667,6.089500000000000,5.292380952380950,5.44,5.52122,1.692,7.11,3.625,5.9200000,6.27000000000000
1999-11-01,,5.3145,6.55636363636364,6.034761904761900,5.040000000000000,5.15,5.24581,1.817,7.02,3.690,5.5600000,6.02000000000000
1999-12-01,,5.3890,6.73714285714286,6.140000000000000,5.147619047619050,5.29,5.36007,1.767,7.17,3.617,5.5900000,6.07000000000000
2000-01-01,,5.8227,7.17789473684210,6.491500000000000,5.539523809523810,5.66,5.74797,1.691,7.48,3.784,5.9500000,6.36000000000000
2000-02-01,,5.6347,6.95761904761905,6.338571428571430,5.508571428571430,5.62,5.72640,1.796,7.31,3.868,5.9000000,6.33000000000000
2000-03-01,,5.3707,6.57043478260870,6.028260869565220,5.333043478260870,5.43,5.57685,1.819,7.06,4.155,5.5100000,6.14000000000000
2000-04-01,,5.3213,6.26470588235294,5.924210526315790,5.225555555555560,5.33,5.46569,1.740,6.84,4.076,5.4200000,6.09000000000000
2000-05-01,,5.4033,6.46565217391304,6.215000000000000,5.378181818181820,5.50,5.66472,1.705,7.10,4.190,5.3400000,6.25000000000000
2000-06-01,,5.2097,6.17238095238095,5.895454545454550,5.191363636363640,5.32,5.50964,1.664,6.85,4.008,5.1300000,6.09000000000000
2000-07-01,,5.2388,6.16190476190476,5.863500000000000,5.266190476190480,5.40,5.59131,1.689,6.73,3.976,5.3100000,6.22000000000000
2000-08-01,,5.3312,6.22739130434783,5.766363636363640,5.210434782608700,5.36,5.56267,1.750,6.68,3.840,5.3100000,6.18000000000000
2000-09-01,,5.3873,6.13619047619048,5.729500000000000,5.263333333333330,5.42,5.63230,1.876,6.74,3.954,5.2600000,6.34000000000000
2000-10-01,,5.2179,6.10795454545455,5.723333333333330,5.207142857142860,5.36,5.57840,1.815,6.70,3.927,5.2300000,6.37000000000000
2000-11-01,,5.0983,5.98954545454545,5.727142857142860,5.153636363636360,5.29,5.54812,1.764,6.59,3.771,5.1300000,6.24000000000000
2000-12-01,,4.9118,5.54315789473684,5.402105263157890,4.890526315789470,5.04,5.29808,1.624,6.15,3.552,4.9200000,6.01000000000000
2001-01-01,,4.8471,5.40547619047619,5.418636363636360,4.803181818181820,4.94,5.18310,1.508,6.06,3.497,4.8900000,5.95000000000000
2001-02-01,,4.8248,5.32125000000000,5.430000000000000,4.777500000000000,4.93,5.18368,1.415,6.04,3.492,4.8600000,5.96000000000000
2001-03-01,,4.7030,5.13068181818182,5.301363636363640,4.667727272727270,4.84,5.13048,1.169,5.95,3.327,4.7500000,6.01000000000000
2001-04-01,,4.9468,5.57722222222222,5.591500000000000,4.827894736842110,5.00,5.28228,1.315,6.26,3.529,4.9300000,6.22000000000000
2001-05-01,,5.1153,5.94347826086957,5.851363636363640,5.046818181818180,5.21,5.44870,1.250,6.62,3.556,5.2700000,6.48000000000000
2001-06-01,,5.1951,5.89675000000000,5.718095238095240,5.000000000000000,5.15,5.39902,1.152,6.63,3.383,5.3800000,6.59000000000000
2001-07-01,,5.2037,6.08636363636364,5.800476190476190,5.015909090909090,5.15,5.41620,1.305,6.74,3.357,5.4200000,6.65000000000000
2001-08-01,,4.9854,5.76152173913044,5.530909090909090,4.823913043478260,4.95,5.21455,1.343,6.58,3.317,5.1600000,6.45000000000000
2001-09-01,,4.9876,5.57825000000000,5.302631578947370,4.813000000000000,4.94,5.19600,1.346,6.52,3.302,5.2600000,6.40000000000000
2001-10-01,,4.8253,5.40760869565217,5.232727272727270,4.599565217391300,4.72,4.96395,1.363,6.40,3.005,5.1700000,6.10000000000000
2001-11-01,,4.6271,5.45772727272727,5.177142857142860,4.447727272727270,4.57,4.80034,1.328,6.30,3.261,4.9600000,5.86000000000000
2001-12-01,,4.8928,5.81684210526316,5.408421052631580,4.735882352941180,4.87,5.04714,1.334,6.62,3.555,5.2400000,6.17000000000000
2002-01-01,,4.9171,5.85833333333333,5.343636363636360,4.862727272727270,4.93,5.14238,1.420,6.58,3.590,5.2700000,6.23000000000000
2002-02-01,,4.9251,5.94575000000000,5.321000000000000,4.919500000000000,4.99,5.19949,1.501,6.61,3.610,5.3600000,6.35000000000000
2002-03-01,,5.2202,6.30900000000000,5.667000000000000,5.161000000000000,5.24,5.41067,1.421,6.88,3.636,5.6300000,6.63000000000000
2002-04-01,,5.2331,6.29400000000000,5.658636363636360,5.155238095238100,5.24,5.40396,1.394,6.87,3.528,5.6900000,6.71000000000000
2002-05-01,,5.2689,6.21521739130435,5.595909090909090,5.167727272727270,5.26,5.40598,1.365,6.81,3.465,5.6900000,6.77000000000000
2002-06-01,,5.0990,6.00763157894737,5.424000000000000,5.017500000000000,5.11,5.25533,1.328,6.64,3.299,5.5200000,6.78000000000000
2002-07-01,,5.0027,5.85978260869565,5.290454545454550,4.867391304347830,4.96,5.10932,1.296,6.54,3.248,5.3700000,6.56000000000000
2002-08-01,,4.7460,5.64840909090909,5.120476190476190,4.589545454545450,4.67,4.82842,1.255,6.33,3.192,5.1300000,6.31000000000000
2002-09-01,,4.5006,5.43571428571429,4.885500000000000,4.385238095238090,4.46,4.61844,1.129,6.17,2.761,4.9700000,6.06000000000000
2002-10-01,,4.6160,5.65913043478261,5.127272727272730,4.463913043478260,4.55,4.75706,1.095,6.33,2.863,5.0700000,6.16000000000000
2002-11-01,,4.6378,5.49952380952381,5.089500000000000,4.477619047619050,4.53,4.73540,0.979,6.29,2.799,5.0500000,6.12000000000000
2002-12-01,,4.5644,5.39500000000000,4.967500000000000,4.335555555555560,4.38,4.54822,0.975,6.28,2.396,4.8900000,5.93000000000000
2003-01-01,,4.3899,5.27500000000000,4.961818181818180,4.180000000000000,4.22,4.37548,0.836,6.12,2.396,4.7000000,5.68000000000000
2003-02-01,,4.2131,5.16775000000000,5.012000000000000,3.955000000000000,4.01,4.15681,0.828,5.88,2.375,4.4700000,5.32000000000000
2003-03-01,,4.3243,5.27166666666667,4.997142857142860,4.000476190476190,4.10,4.18462,0.724,5.91,2.537,4.5700000,5.25000000000000
2003-04-01,,4.4663,5.34605263157895,5.051904761904760,4.147000000000000,4.22,4.31189,0.663,5.98,2.659,4.7200000,5.31000000000000
2003-05-01,,4.2197,5.02818181818182,4.671904761904760,3.815238095238100,3.89,4.03517,0.577,5.60,2.358,4.3700000,4.97000000000000
2003-06-01,,4.1127,4.80275000000000,4.288095238095240,3.616666666666670,3.69,3.82209,0.529,5.23,2.607,4.2000000,4.50000000000000
2003-07-01,,4.4078,5.23282608695652,4.683181818181820,3.972608695652170,4.01,4.13202,0.956,5.54,2.666,4.5100000,4.90000000000000
2003-08-01,,4.6040,5.52404761904762,4.902000000000000,4.130000000000000,4.16,4.29336,1.406,5.91,2.875,4.7000000,5.01000000000000
2003-09-01,,4.7132,5.51295454545455,4.757142857142860,4.171363636363640,4.23,4.31445,1.420,5.95,2.777,4.7300000,4.91000000000000
2003-10-01,,4.9071,5.60869565217391,4.815454545454550,4.221304347826090,4.28,4.38222,1.437,6.02,2.882,4.8500000,4.94000000000000
2003-11-01,,5.0650,5.87400000000000,4.856842105263160,4.353000000000000,4.41,4.51138,1.333,6.21,2.993,4.9800000,4.97000000000000
2003-12-01,,4.8960,5.75738095238095,4.729047619047620,4.291052631578950,4.34,4.45880,1.330,6.05,2.780,4.8600000,4.78000000000000
2004-01-01,,4.7875,5.70050000000000,4.586190476190480,4.170952380952380,4.20,4.31655,1.330,5.93,2.852,4.6500000,4.54000000000000
2004-02-01,,4.8056,5.62050000000000,4.451500000000000,4.110000000000000,4.14,4.34284,1.211,5.91,2.681,4.5500000,4.29000000000000
2004-03-01,,4.7088,5.41543478260870,4.260434782608700,3.913478260869570,3.98,4.16873,1.418,5.74,2.632,4.3100000,4.12000000000000
2004-04-01,,4.9570,5.80300000000000,4.612857142857140,4.097000000000000,4.18,4.35086,1.520,6.04,2.809,4.5500000,4.67000000000000
2004-05-01,,5.1118,5.95809523809524,4.773000000000000,4.253333333333330,4.34,4.49304,1.505,6.26,2.888,4.6800000,4.91000000000000
2004-06-01,,5.2000,5.84547619047619,4.932727272727270,4.312727272727270,4.39,4.54392,1.807,6.29,3.040,4.7200000,4.72000000000000
2004-07-01,,5.1083,5.71772727272727,4.750000000000000,4.236818181818180,4.27,4.43989,1.808,6.18,2.957,4.5700000,4.47000000000000
2004-08-01,,5.0071,5.58318181818182,4.630952380952380,4.080454545454550,4.11,4.27713,1.588,6.20,2.825,4.4200000,4.29000000000000
2004-09-01,,4.9109,5.41204545454546,4.602380952380950,4.016363636363640,4.09,4.25079,1.393,6.16,2.750,4.3700000,4.23000000000000
2004-10-01,,4.7683,5.40142857142857,4.550000000000000,3.894761904761900,3.98,4.12889,1.483,6.08,2.623,4.2500000,4.19000000000000
2004-11-01,,4.6903,5.40000000000000,4.484761904761910,3.780454545454550,3.86,3.99979,1.452,6.05,2.443,4.1300000,4.05000000000000
2004-12-01,,4.5316,5.23190476190476,4.320476190476190,3.579523809523810,3.64,3.79167,1.397,5.95,2.382,3.9000000,3.94000000000000
2005-01-01,,4.5419,5.35184210526316,4.260500000000000,3.564761904761900,3.58,3.71143,1.310,5.99,2.249,3.8400000,3.90000000000000
2005-02-01,,4.5884,5.39775000000000,4.205000000000000,3.544000000000000,3.60,3.67836,1.419,5.95,2.381,3.7600000,3.77000000000000
2005-03-01,,4.7960,5.65261904761905,4.358181818181820,3.696190476190480,3.75,3.83727,1.325,6.16,2.355,3.8600000,4.02000000000000
2005-04-01,,4.6218,5.47200000000000,4.193809523809520,3.482380952380950,3.54,3.65325,1.257,5.99,2.074,3.5800000,3.87000000000000
2005-05-01,,4.4173,5.28772727272727,4.073809523809520,3.304090909090910,3.38,3.55261,1.238,5.81,2.014,3.3400000,3.70000000000000
2005-06-01,,4.2847,5.14047619047619,3.828181818181820,3.126363636363640,3.20,3.40502,1.143,5.71,1.999,3.1100000,3.55000000000000
2005-07-01,,4.3011,5.19023809523810,3.899500000000000,3.205714285714290,3.27,3.43842,1.295,5.75,1.955,3.0600000,3.56000000000000
2005-08-01,,4.3249,5.21869565217391,3.920454545454550,3.232608695652170,3.30,3.44898,1.365,5.77,1.928,3.1400000,3.62000000000000
2005-09-01,,4.2109,5.18636363636364,3.868571428571430,3.067727272727270,3.13,3.28701,1.450,5.71,1.950,2.9800000,3.49000000000000
2005-10-01,,4.3482,5.40023809523810,4.047000000000000,3.238571428571430,3.29,3.44443,1.513,5.88,2.097,3.1700000,3.68000000000000
2005-11-01,,4.3129,5.43522727272727,4.107142857142860,3.448181818181820,3.50,3.65516,1.454,5.95,2.184,3.3800000,3.96000000000000
2005-12-01,,4.2186,5.34650000000000,4.041000000000000,3.337619047619050,3.38,3.55319,1.488,5.83,1.960,3.3700000,3.83000000000000
2006-01-01,,4.0752,5.20350000000000,4.029047619047620,3.321363636363640,3.34,3.54353,1.547,5.72,2.153,3.3200000,3.65000000000000
2006-02-01,,4.1543,5.27200000000000,4.170000000000000,3.472500000000000,3.51,3.69735,1.598,5.70,2.252,3.4200000,3.72000000000000
2006-03-01,,4.3177,5.34130434782609,4.199565217391300,3.637391304347830,3.69,3.92284,1.759,5.72,2.517,3.5500000,3.84000000000000
2006-04-01,,4.5177,5.57970588235294,4.415789473684210,3.895000000000000,3.95,4.22184,1.956,5.74,2.752,3.8400000,4.07000000000000
2006-05-01,,4.6488,5.75000000000000,4.399545454545450,3.962727272727270,4.00,4.28469,1.849,5.81,2.700,3.8900000,4.17000000000000
2006-06-01,,4.6645,5.73785714285714,4.441363636363640,3.960454545454550,4.01,4.29471,1.901,5.84,2.848,3.9300000,4.26000000000000
2006-07-01,,4.6560,5.83404761904762,4.444000000000000,4.010000000000000,4.03,4.30648,1.927,5.88,2.742,3.9600000,4.31000000000000
2006-08-01,,4.6535,5.77326086956522,4.252727272727270,3.883913043478260,3.90,4.17070,1.668,5.84,2.547,3.8400000,4.20000000000000
2006-09-01,,4.5522,5.60166666666667,4.068571428571430,3.753809523809520,3.77,4.03582,1.628,5.80,2.369,3.7000000,4.12000000000000
2006-10-01,,4.6155,5.66500000000000,4.106666666666670,3.787727272727270,3.81,4.06997,1.718,5.84,2.495,3.7300000,4.18000000000000
2006-11-01,,4.5452,5.59954545454545,3.999523809523810,3.714090909090910,3.74,3.97009,1.690,5.71,2.341,3.6200000,4.16000000000000
2006-12-01,,4.6195,5.69657894736842,3.966315789473680,3.770526315789470,3.81,4.03760,1.645,5.77,2.489,3.6500000,4.24000000000000
2007-01-01,,4.8694,5.87761904761905,4.121818181818180,4.016818181818180,4.07,4.26280,1.705,5.93,2.619,3.9000000,4.39000000000000
2007-02-01,,4.8960,5.80925000000000,4.117500000000000,4.049000000000000,4.10,4.28009,1.640,5.94,2.556,3.9300000,4.52000000000000
2007-03-01,,4.8194,5.73681818181818,4.045909090909090,3.940909090909090,4.00,4.17622,1.629,5.87,2.702,3.7900000,4.45000000000000
2007-04-01,,5.0439,5.90972222222222,4.171500000000000,4.152105263157900,4.21,4.37021,1.653,6.06,2.801,4.0400000,4.71000000000000
2007-05-01,,5.1458,5.92086956521739,4.292727272727270,4.279047619047620,4.34,4.48971,1.733,6.17,3.032,4.1500000,4.88000000000000
2007-06-01,,5.4321,6.20475000000000,4.612857142857140,4.560476190476190,4.62,4.77197,1.903,6.72,3.194,4.4400000,5.19000000000000
2007-07-01,,5.4084,6.14977272727273,4.590000000000000,4.505000000000000,4.58,4.76033,1.809,6.77,3.108,4.4500000,5.10000000000000
2007-08-01,,5.1499,5.92590909090909,4.428636363636360,4.296521739130430,4.39,4.58355,1.577,6.40,3.049,4.2500000,4.91000000000000
2007-09-01,,4.9928,5.99210526315789,4.356315789473680,4.226000000000000,4.36,4.57357,1.698,6.16,3.056,4.2200000,4.81000000000000
2007-10-01,,4.9576,6.17434782608696,4.362727272727270,4.282608695652170,4.40,4.59088,1.616,6.37,2.987,4.3100000,4.91000000000000
2007-11-01,,4.7263,6.02545454545455,4.121428571428570,4.089090909090910,4.23,4.44929,1.497,6.39,2.906,4.2200000,4.76000000000000
2007-12-01,,4.6937,6.20763157894737,4.015789473684210,4.205882352941180,4.35,4.53849,1.526,6.40,3.111,4.3100000,4.66000000000000
2008-01-01,,4.4925,6.07642857142857,3.848181818181820,4.027727272727270,4.15,4.39891,1.429,6.28,2.939,4.0800000,4.52000000000000
2008-02-01,,4.6234,6.29452380952381,3.828000000000000,3.952857142857140,4.08,4.35443,1.429,6.40,3.059,4.0200000,4.39000000000000
2008-03-01,,4.4450,6.08552631578947,3.509000000000000,3.799473684210530,4.02,4.37747,1.245,6.36,3.033,3.9200000,4.28000000000000
2008-04-01,,4.6432,6.17047619047619,3.628636363636360,4.040000000000000,4.27,4.53189,1.600,6.48,3.242,4.0600000,4.50000000000000
2008-05-01,,4.8683,6.35500000000000,3.621428571428570,4.201904761904760,4.41,4.70282,1.778,6.43,3.284,4.1800000,4.63000000000000
2008-06-01,,5.2103,6.58675000000000,3.760000000000000,4.520476190476190,4.73,5.10565,1.601,6.42,3.290,4.4300000,4.94000000000000
2008-07-01,,5.0494,6.36652173913044,3.750454545454550,4.490434782608700,4.69,5.09463,1.537,6.18,3.166,4.3700000,4.94000000000000
2008-08-01,,4.7267,5.86250000000000,3.591500000000000,4.202380952380950,4.40,4.81387,1.431,6.13,2.942,4.1100000,4.69000000000000
2008-09-01,,4.5701,5.64590909090909,3.540952380952380,4.094090909090910,4.36,4.80410,1.481,5.82,2.669,3.9000000,4.49000000000000
2008-10-01,,4.5789,5.21522727272727,3.668181818181820,3.883478260869570,4.18,4.78000,1.486,5.86,2.764,3.5700000,4.17000000000000
2008-11-01,,4.2571,4.94075000000000,3.571578947368420,3.556500000000000,3.98,4.74252,1.377,5.73,2.226,3.3400000,4.18000000000000
2008-12-01,,3.6238,4.21571428571429,2.945714285714290,3.047894736842110,3.54,4.46882,1.214,4.88,2.148,2.6700000,3.77000000000000
2009-01-01,,3.6699,4.08575000000000,2.812380952380950,3.070952380952380,3.60,4.62129,1.272,4.49,2.221,2.8000000,3.69000000000000
2009-02-01,,3.6899,4.25300000000000,2.960526315789470,3.127500000000000,3.68,4.53581,1.277,4.53,2.174,2.9300000,3.75000000000000
2009-03-01,,3.2497,4.32772727272727,2.885909090909090,3.019545454545450,3.65,4.45835,1.323,4.77,2.175,2.9400000,3.81000000000000
2009-04-01,,3.4072,4.51200000000000,2.954285714285710,3.133000000000000,3.66,4.35597,1.402,5.24,2.196,3.1800000,3.90000000000000
2009-05-01,,3.6206,5.00428571428571,3.202000000000000,3.371000000000000,3.80,4.41509,1.481,5.59,2.536,3.5700000,4.12000000000000
2009-06-01,,3.7221,5.55666666666667,3.459090909090910,3.473636363636360,3.90,4.60624,1.363,5.97,2.478,3.6200000,4.23000000000000
2009-07-01,,3.8238,5.48782608695652,3.429090909090910,3.337826086956520,3.73,4.37291,1.386,5.75,2.192,3.3700000,4.05000000000000
2009-08-01,,3.7142,5.53325000000000,3.464500000000000,3.305238095238100,3.59,4.11556,1.314,5.82,2.124,3.4500000,4.17000000000000
2009-09-01,,3.6566,5.32363636363636,3.365714285714290,3.263181818181820,3.59,4.08809,1.258,5.63,2.155,3.3800000,4.17000000000000
2009-10-01,,3.5699,5.45023809523810,3.425238095238100,3.209090909090910,3.56,4.10144,1.404,5.66,2.207,3.2500000,4.07000000000000
2009-11-01,,3.7592,5.46666666666667,3.392500000000000,3.217142857142860,3.56,4.05652,1.253,6.01,2.002,3.2700000,4.04000000000000
2009-12-01,,3.8871,5.47309523809524,3.416190476190480,3.138500000000000,3.48,4.00728,1.272,6.02,1.972,3.2400000,3.98000000000000
2010-01-01,,4.0025,5.55750000000000,3.485000000000000,3.257500000000000,3.52,4.07788,1.308,6.00,2.010,3.3700000,4.08000000000000
2010-02-01,,4.0624,5.47750000000000,3.423684210526320,3.170000000000000,3.50,4.04712,1.295,5.86,1.931,3.2800000,3.87000000000000
2010-03-01,,4.0915,5.62000000000000,3.490434782608700,3.102173913043480,3.44,3.94527,1.361,5.86,1.941,3.2000000,3.85000000000000
2010-04-01,,4.1007,5.79500000000000,3.670000000000000,3.064500000000000,3.40,3.99558,1.286,5.96,1.865,3.1400000,3.84000000000000
2010-05-01,,3.7772,5.48000000000000,3.445500000000000,2.734285714285710,3.08,3.98492,1.257,5.73,1.573,2.7300000,3.46000000000000
2010-06-01,,3.6007,5.32750000000000,3.297727272727270,2.543181818181820,3.07,4.10220,1.080,5.51,1.509,2.6100000,3.36000000000000
2010-07-01,,3.5087,5.14500000000000,3.185238095238100,2.615909090909090,2.99,4.02583,1.075,5.40,1.500,2.7000000,3.33000000000000
2010-08-01,,3.2330,4.97000000000000,2.949523809523810,2.350000000000000,2.68,3.80208,1.023,5.24,1.192,2.4500000,3.12000000000000
2010-09-01,,3.1271,5.00250000000000,2.881428571428570,2.300454545454550,2.68,3.86227,0.898,5.28,1.372,2.5300000,3.30000000000000
2010-10-01,,3.0685,5.08500000000000,2.766000000000000,2.345714285714290,2.72,3.80021,0.903,5.09,1.458,2.6400000,3.24000000000000
2010-11-01,,3.3110,5.37750000000000,3.022380952380950,2.532727272727270,3.00,4.18408,1.161,5.49,1.558,2.8600000,3.28000000000000
2010-12-01,,3.6098,5.55500000000000,3.204761904761900,2.914761904761900,3.34,4.60300,1.133,5.82,1.674,3.2100000,3.61000000000000
2011-01-01,,3.7273,5.52000000000000,3.253000000000000,3.016666666666670,3.44,4.72908,1.213,5.61,1.818,3.2800000,3.75000000000000
2011-02-01,,3.8799,5.61000000000000,3.417368421052630,3.199000000000000,3.60,4.73561,1.241,5.56,1.897,3.4100000,3.81000000000000
2011-03-01,,3.7386,5.43500000000000,3.266521739130430,3.211739130434780,3.61,4.87539,1.214,5.58,1.931,3.3500000,3.77000000000000
2011-04-01,,3.7619,5.51250000000000,3.328000000000000,3.340526315789470,3.69,4.84077,1.215,5.70,2.083,3.3000000,3.79000000000000
2011-05-01,,3.5053,5.32500000000000,3.151904761904760,3.060909090909090,3.49,4.75615,1.118,5.23,1.849,3.0100000,3.48000000000000
2011-06-01,,3.4144,5.16000000000000,2.987727272727270,2.890909090909090,3.43,4.81559,1.084,5.04,1.739,2.8900000,3.36000000000000
2011-07-01,,3.3137,5.02000000000000,2.938500000000000,2.743809523809520,3.40,5.46328,1.075,5.07,1.436,2.7500000,3.24000000000000
2011-08-01,,2.7833,4.49250000000000,2.446363636363640,2.213478260869570,2.98,5.27054,1.023,4.55,1.133,2.1700000,2.60000000000000
2011-09-01,,2.5040,4.20250000000000,2.196666666666670,1.829090909090910,2.64,5.74570,0.975,4.41,1.003,1.8300000,2.36000000000000
2011-10-01,,2.5290,4.37000000000000,2.296000000000000,2.002380952380950,2.99,5.97190,1.038,4.54,1.082,1.9000000,2.59000000000000
2011-11-01,,2.2917,4.08250000000000,2.122380952380950,1.874090909090910,3.41,7.05709,1.062,4.14,0.945,1.6900000,2.49000000000000
2011-12-01,,2.1828,3.82500000000000,1.992000000000000,1.927619047619050,3.16,6.81193,0.971,3.91,0.740,1.6800000,2.38000000000000
2012-01-01,,2.1104,3.79500000000000,1.980000000000000,1.820909090909090,3.18,6.53660,0.959,3.86,0.735,1.7000000,2.22000000000000
2012-02-01,,2.2191,3.97000000000000,2.021000000000000,1.851904761904760,3.02,5.54646,0.962,3.98,0.720,1.8900000,2.40000000000000
2012-03-01,,2.3230,4.15000000000000,2.106818181818180,1.830454545454550,2.95,5.04876,0.966,4.17,0.854,1.9500000,2.48000000000000
2012-04-01,,2.2117,3.85750000000000,2.064500000000000,1.624210526315790,2.99,5.67583,0.914,3.98,0.735,1.8200000,2.34000000000000
2012-05-01,,1.9416,3.27750000000000,1.922272727272730,1.336818181818180,2.75,5.78334,0.846,3.66,0.610,1.5100000,2.05000000000000
2012-06-01,,1.7698,2.99500000000000,1.747619047619050,1.300476190476190,2.57,5.90366,0.789,3.40,0.678,1.4500000,1.94000000000000
2012-07-01,,1.6523,2.88750000000000,1.656190476190480,1.242272727272730,2.28,5.99562,0.780,3.40,0.561,1.3300000,1.73000000000000
2012-08-01,,1.6735,3.18750000000000,1.826818181818180,1.341739130434780,2.12,5.82165,0.800,3.66,0.569,1.4400000,1.92000000000000
2012-09-01,,1.7222,3.09250000000000,1.837894736842110,1.490500000000000,2.24,5.25430,0.757,3.57,0.599,1.5100000,2.07000000000000
2012-10-01,,1.7721,3.02250000000000,1.811818181818180,1.466956521739130,2.19,4.95287,0.760,3.51,0.597,1.5400000,1.98000000000000
2012-11-01,,1.7741,3.08750000000000,1.738095238095240,1.335909090909090,2.14,4.85144,0.713,3.47,0.530,1.4600000,2.01000000000000
2012-12-01,,1.8467,3.22750000000000,1.767894736842110,1.299411764705880,2.01,4.54158,0.781,3.56,0.557,1.5100000,2.08000000000000
2013-01-01,,2.0795,3.39750000000000,1.931363636363640,1.512272727272730,2.17,4.20769,0.775,3.55,0.789,1.8000000,2.31000000000000
2013-02-01,,2.1781,3.49750000000000,1.967894736842110,1.543500000000000,2.24,4.49290,0.669,3.81,0.721,2.0000000,2.49000000000000
2013-03-01,,1.9768,3.51250000000000,1.851500000000000,1.354500000000000,2.07,4.64036,0.492,3.72,0.747,1.9200000,2.24000000000000
2013-04-01,,1.7824,3.24500000000000,1.748636363636360,1.196190476190480,1.80,4.27767,0.589,3.33,0.612,1.6600000,2.07000000000000
2013-05-01,,1.9462,3.22500000000000,1.901818181818180,1.294090909090910,1.87,3.96398,0.879,3.37,0.760,1.7900000,2.10000000000000
2013-06-01,,2.3063,3.55500000000000,2.244500000000000,1.530500000000000,2.21,4.37887,0.822,3.83,1.060,2.0500000,2.40000000000000
2013-07-01,,2.4710,3.77200000000000,2.438181818181820,1.565652173913040,2.25,4.41831,0.790,4.23,1.097,2.1600000,2.61000000000000
2013-08-01,,2.7088,3.89400000000000,2.611428571428570,1.735000000000000,2.36,4.41911,0.708,4.47,1.142,2.3400000,2.84000000000000
2013-09-01,,2.8443,4.03300000000000,2.698000000000000,1.888095238095240,2.49,4.54105,0.669,4.70,1.110,2.6000000,3.12000000000000
2013-10-01,,2.6784,4.00900000000000,2.518181818181820,1.762173913043480,2.39,4.24765,0.590,4.65,1.070,2.4400000,2.95000000000000
2013-11-01,,2.7598,4.17500000000000,2.558500000000000,1.677142857142860,2.27,4.09506,0.605,4.70,1.031,2.3000000,2.86000000000000
2013-12-01,,2.9458,4.26200000000000,2.673500000000000,1.797777777777780,2.33,4.11398,0.688,4.76,1.253,2.3900000,2.94000000000000
2014-01-01,,2.9100,4.15800000000000,2.534090909090910,1.755909090909090,2.38,3.86587,0.614,4.64,0.983,2.3700000,2.95000000000000
2014-02-01,,2.8147,4.10400000000000,2.420000000000000,1.558500000000000,2.25,3.65119,0.586,4.57,0.951,2.2300000,2.85000000000000
2014-03-01,,2.7837,4.09200000000000,2.454285714285710,1.508571428571430,2.15,3.39943,0.605,4.58,0.955,2.1600000,2.94000000000000
2014-04-01,,2.7417,4.02700000000000,2.444761904761900,1.456500000000000,2.03,3.22823,0.610,4.55,0.860,2.0600000,2.88000000000000
2014-05-01,,2.6989,3.78100000000000,2.315238095238100,1.327142857142860,1.84,3.12329,0.566,4.29,0.770,1.8800000,2.73000000000000
2014-06-01,,2.7842,3.71300000000000,2.298571428571430,1.264285714285710,1.71,2.91968,0.536,4.42,0.714,1.8000000,2.61000000000000
2014-07-01,,2.7343,3.48600000000000,2.194545454545450,1.114347826086960,1.56,2.79361,0.527,4.37,0.616,1.6000000,2.43000000000000
2014-08-01,,2.5347,3.43000000000000,2.062000000000000,0.956190476190476,1.41,2.63270,0.488,4.20,0.529,1.5800000,2.36000000000000
2014-09-01,,2.4919,3.57300000000000,2.180952380952380,0.921363636363636,1.35,2.40013,0.497,4.19,0.589,1.5100000,2.40000000000000
2014-10-01,,2.2469,3.34400000000000,2.010454545454550,0.790909090909091,1.26,2.42390,0.465,4.04,0.558,1.3000000,2.21000000000000
2014-11-01,,2.1593,3.29400000000000,2.003157894736840,0.719000000000000,1.14,2.29036,0.420,4.03,0.413,1.1400000,2.05000000000000
2014-12-01,,1.9287,2.96400000000000,1.851904761904760,0.588947368421053,0.92,1.98980,0.330,3.77,0.375,1.0100000,1.77000000000000
2015-01-01,1.88,1.5890,2.62200000000000,1.525714285714290,0.390000000000000,0.67,1.70214,0.275,3.42,-0.067,0.7800000,1.45000000000000
2015-02-01,1.98,1.7365,2.49000000000000,1.379473684210530,0.302000000000000,0.60,1.55683,0.330,3.26,0.015,0.6200000,1.39000000000000
2015-03-01,2.04,1.7941,2.47500000000000,1.421363636363640,0.227272727272727,0.51,1.29423,0.400,3.30,-0.001,0.5800000,1.54000000000000
2015-04-01,1.94,1.7550,2.41000000000000,1.410952380952380,0.122000000000000,0.44,1.35740,0.340,3.25,0.040,0.3400000,1.44000000000000
2015-05-01,2.20,2.0243,2.88200000000000,1.744000000000000,0.555789473684210,0.89,1.81211,0.390,3.65,-0.031,0.7500000,1.65000000000000
2015-06-01,2.36,2.1696,2.98500000000000,1.780000000000000,0.792727272727273,1.20,2.19919,0.455,3.77,0.101,0.9900000,1.77000000000000
2015-07-01,2.32,2.1353,2.92200000000000,1.569545454545450,0.710000000000000,1.11,2.04214,0.410,3.47,-0.035,0.8100000,1.70000000000000
2015-08-01,2.17,1.9799,2.73800000000000,1.391500000000000,0.608571428571429,1.01,1.83856,0.380,3.29,-0.124,0.6600000,1.49000000000000
2015-09-01,2.17,1.8814,2.72400000000000,1.481428571428570,0.654090909090909,1.00,1.92014,0.350,3.29,-0.100,0.7100000,1.60000000000000
2015-10-01,2.07,1.8460,2.65700000000000,1.463333333333330,0.518181818181818,0.87,1.69606,0.300,3.34,-0.272,0.6600000,1.57000000000000
2015-11-01,2.26,1.9779,2.88900000000000,1.633500000000000,0.516190476190476,0.88,1.57018,0.300,3.49,-0.311,0.8000000,1.63000000000000
2015-12-01,2.24,1.9234,2.85200000000000,1.459523809523810,0.545500000000000,0.93,1.57864,0.270,3.55,-0.039,0.9300000,1.55000000000000
2016-01-01,2.09,1.7833,2.70800000000000,1.258000000000000,0.430500000000000,0.84,1.53430,0.095,3.31,-0.299,0.7700000,1.45000000000000
2016-02-01,1.78,1.5032,2.46500000000000,1.124500000000000,0.172857142857143,0.59,1.55850,-0.065,3.06,-0.453,0.7700000,1.39000000000000
2016-03-01,1.89,1.5434,2.56100000000000,1.268181818181820,0.171428571428571,0.51,1.37516,-0.050,3.02,-0.387,0.8200000,1.33000000000000
2016-04-01,1.81,1.5688,2.51200000000000,1.336190476190480,0.134285714285714,0.51,1.44177,-0.085,2.86,-0.245,0.8100000,1.30000000000000
2016-05-01,1.81,1.5366,2.32200000000000,1.350000000000000,0.132857142857143,0.51,1.52632,-0.120,2.67,-0.298,0.7700000,1.40000000000000
2016-06-01,1.64,1.3105,2.12500000000000,1.168181818181820,-0.016818181818182,0.39,1.45346,-0.230,2.51,-0.508,0.5200000,1.17000000000000
2016-07-01,1.50,0.9569,1.93600000000000,1.051000000000000,-0.154285714285714,0.17,1.22722,-0.195,2.27,-0.543,0.1700000,0.96000000000000
2016-08-01,1.56,0.7421,1.89200000000000,1.042727272727270,-0.131739130434783,0.15,1.17635,-0.070,2.19,-0.462,0.1000000,1.07000000000000
2016-09-01,1.63,0.8243,2.00400000000000,1.086190476190480,-0.084090909090909,0.18,1.26606,-0.085,2.40,-0.522,0.2200000,1.23000000000000
2016-10-01,1.76,1.0780,2.23100000000000,1.166500000000000,0.002000000000000,0.33,1.45047,-0.050,2.53,-0.362,0.2400000,1.34000000000000
2016-11-01,2.14,1.3818,2.53500000000000,1.437619047619050,0.189090909090909,0.67,1.94278,0.020,2.99,-0.130,0.4300000,1.58000000000000
2016-12-01,2.49,1.4336,2.79900000000000,1.732000000000000,0.251904761904762,0.75,1.88618,0.040,3.33,-0.135,0.6100000,1.76000000000000
2017-01-01,2.43,1.4203,2.71100000000000,1.722380952380950,0.250909090909091,0.86,1.99107,0.085,3.23,-0.072,0.6500000,1.69000000000000
2017-02-01,2.42,1.3058,2.73800000000000,1.702105263157890,0.258000000000000,1.03,2.35192,0.050,3.29,-0.213,0.6600000,1.74000000000000
2017-03-01,2.48,1.1940,2.80400000000000,1.714347826086960,0.348260869565217,1.02,2.40073,0.065,3.28,-0.100,0.6900000,1.77000000000000
2017-04-01,2.30,1.0789,2.55700000000000,1.523157894736840,0.225555555555556,0.88,2.25705,0.015,3.05,-0.096,0.5700000,1.61000000000000
2017-05-01,2.30,1.1175,2.54800000000000,1.513181818181820,0.336363636363636,0.81,2.19402,0.040,2.93,-0.145,0.5600000,1.59000000000000
2017-06-01,2.19,1.0846,2.42100000000000,1.502727272727270,0.250476190476190,0.66,2.05337,0.075,2.77,-0.025,0.4600000,1.53000000000000
2017-07-01,2.32,1.2713,2.66400000000000,1.908000000000000,0.455714285714286,0.84,2.23141,0.075,2.97,0.060,0.6600000,1.69000000000000
2017-08-01,2.21,1.1241,2.62600000000000,1.883636363636360,0.346086956521739,0.71,2.10986,0.010,2.88,-0.114,0.6300000,1.62000000000000
2017-09-01,2.20,1.2436,2.71000000000000,2.049500000000000,0.347142857142857,0.70,2.10949,0.060,2.91,0.017,0.6200000,1.59000000000000
2017-10-01,2.36,1.3816,2.76800000000000,2.050952380952380,0.372500000000000,0.81,2.07385,0.065,2.97,-0.029,0.8800000,1.66000000000000
2017-11-01,2.35,1.3299,2.56500000000000,1.918571428571430,0.308181818181818,0.72,1.78885,0.035,2.85,-0.053,0.7600000,1.59000000000000
2017-12-01,2.40,1.2781,2.58300000000000,1.915263157894740,0.296842105263158,0.67,1.79452,0.045,2.76,-0.095,0.7200000,1.57000000000000
2018-01-01,2.58,1.3931,2.74700000000000,2.198181818181820,0.474545454545455,0.85,1.98419,0.080,2.88,0.103,0.8500000,1.74000000000000
2018-02-01,2.86,1.6034,2.84500000000000,2.324210526315790,0.659000000000000,0.98,2.08078,0.045,2.96,0.116,0.9100000,1.98000000000000
2018-03-01,2.84,1.5080,2.71300000000000,2.188571428571430,0.529523809523810,0.83,1.96547,0.045,2.87,0.054,0.7700000,1.99000000000000
2018-04-01,2.87,1.5108,2.73400000000000,2.249047619047620,0.480000000000000,0.78,1.77335,0.050,2.82,0.120,0.7100000,1.93000000000000
2018-05-01,2.98,1.5016,2.79000000000000,2.375454545454550,0.450000000000000,0.79,2.17969,0.030,2.78,-0.008,0.6600000,1.89000000000000
2018-06-01,2.91,1.4229,2.69700000000000,2.209047619047620,0.327142857142857,0.75,2.74417,0.030,2.90,-0.012,0.5500000,1.82000000000000
2018-07-01,2.89,1.3739,2.63700000000000,2.187142857142860,0.274545454545455,0.67,2.64298,0.060,2.81,0.042,0.5100000,1.76000000000000
2018-08-01,2.89,1.3991,2.59000000000000,2.295454545454550,0.290869565217391,0.70,3.16096,0.110,2.63,-0.032,0.5200000,1.77000000000000
2018-09-01,3.00,1.5023,2.63100000000000,2.353684210526320,0.370500000000000,0.77,2.95850,0.125,2.59,0.113,0.6000000,1.90000000000000
2018-10-01,3.15,1.5462,2.68200000000000,2.488636363636360,0.399090909090909,0.82,3.46884,0.130,2.62,0.071,0.6700000,2.00000000000000
2018-11-01,3.12,1.4541,2.68300000000000,2.407619047619050,0.314090909090909,0.76,3.39008,0.085,2.68,-0.015,0.6000000,1.94000000000000
2018-12-01,2.83,1.3125,2.43100000000000,2.057894736842110,0.187058823529412,0.70,2.97513,-0.010,2.44,-0.154,0.4700000,1.83000000000000
2019-01-01,2.71,1.3221,2.27100000000000,1.953636363636360,0.132727272727273,0.65,2.77011,0.000,2.32,-0.210,0.4300000,1.78000000000000
2019-02-01,2.68,1.2390,2.12600000000000,1.907368421052630,0.055500000000000,0.55,2.81241,-0.015,2.17,-0.236,0.3600000,1.71000000000000
2019-03-01,2.57,1.1900,1.95700000000000,1.712380952380950,0.010952380952381,0.44,2.68985,-0.095,2.02,-0.352,0.2900000,1.66000000000000
2019-04-01,2.53,1.1906,1.86500000000000,1.724285714285710,-0.039500000000000,0.37,2.61756,-0.045,1.96,-0.267,0.3779000,1.71000000000000
2019-05-01,2.40,1.1300,1.65500000000000,1.664545454545450,-0.134545454545455,0.30,2.64404,-0.095,1.80,-0.445,0.2153000,1.66000000000000
2019-06-01,2.07,0.9190,1.38600000000000,1.462500000000000,-0.315263157894737,0.08,2.28374,-0.165,1.62,-0.482,0.0452000,1.43000000000000
2019-07-01,2.06,0.8304,1.32000000000000,1.519090909090910,-0.388260869565217,-0.07,1.65390,-0.160,1.55,-0.654,0.0208000,1.44000000000000
2019-08-01,1.63,0.5776,0.95900000000000,1.205238095238100,-0.649090909090909,-0.34,1.40365,-0.280,1.12,-0.975,-0.2884000,1.15000000000000
2019-09-01,1.70,0.5981,1.03500000000000,1.364000000000000,-0.594761904761905,-0.27,0.90208,-0.215,1.16,-0.700,-0.2315000,1.21000000000000
2019-10-01,1.71,0.6373,1.03700000000000,1.449545454545450,-0.469545454545455,-0.16,1.00355,-0.150,1.16,-0.511,-0.1598000,1.26000000000000
2019-11-01,1.81,0.7650,1.15200000000000,1.499500000000000,-0.352380952380952,-0.02,1.26594,-0.080,1.35,-0.580,-0.0015000,1.45000000000000
2019-12-01,1.86,0.8308,1.20200000000000,1.604500000000000,-0.299444444444444,0.04,1.37011,-0.025,1.54,-0.456,0.0671000,1.47000000000000
2020-01-01,1.76,0.7235,1.15900000000000,1.492272727272730,-0.313636363636364,-0.01,1.27499,-0.065,1.47,-0.698,0.1055700,1.39000000000000
2020-02-01,1.50,0.6330,0.98400000000000,1.294736842105260,-0.466000000000000,-0.18,0.95550,-0.155,1.27,-0.832,-0.0456500,1.35000000000000
2020-03-01,0.87,0.4609,0.88400000000000,0.819090909090909,-0.541363636363636,-0.05,1.55118,0.005,1.11,-0.368,-0.1676800,0.93000000000000
2020-04-01,0.66,0.3577,0.85400000000000,0.657142857142857,-0.449500000000000,0.06,1.79913,-0.040,0.94,-0.487,-0.0741500,0.70000000000000
2020-05-01,0.67,0.2743,0.90300000000000,0.551000000000000,-0.516500000000000,-0.03,1.76204,0.000,0.63,-0.471,-0.0606840,0.47000000000000
2020-06-01,0.73,0.2780,0.92800000000000,0.561363636363636,-0.434285714285714,-0.04,1.45520,0.030,0.90,-0.439,0.0060952,0.65000000000000
2020-07-01,0.62,0.2094,0.89700000000000,0.516363636363636,-0.523043478260870,-0.15,1.19629,0.010,0.90,-0.529,-0.0732170,0.61000000000000
2020-08-01,0.65,0.2717,0.90500000000000,0.563500000000000,-0.523333333333333,-0.17,1.03189,0.045,0.67,-0.410,-0.0403330,0.69000000000000
2020-09-01,0.68,0.2730,0.89400000000000,0.559523809523810,-0.524090909090909,-0.21,0.98121,0.015,0.55,-0.500,-0.0825910,0.65000000000000
2020-10-01,0.79,0.3058,0.80200000000000,0.602857142857143,-0.607272727272727,-0.30,0.77007,0.040,0.54,-0.518,-0.0285660,0.67000000000000
2020-11-01,0.87,0.3836,0.85600000000000,0.688500000000000,-0.614761904761905,-0.32,0.66399,0.030,0.77,-0.509,-0.0002600,0.79000000000000
2020-12-01,0.93,0.3224,0.97600000000000,0.730952380952381,-0.618500000000000,-0.34,0.57801,0.020,0.92,-0.525,0.0054390,0.91000000000000
2021-01-01,1.08,0.3672,1.05300000000000,0.805500000000000,-0.583500000000000,-0.31,0.61566,0.055,1.04,-0.454,0.0700660,1.01000000000000
2021-02-01,1.26,0.6222,1.33400000000000,1.099473684210530,-0.445500000000000,-0.15,0.59041,0.150,1.46,-0.229,0.2471200,1.28000000000000
2021-03-01,1.61,0.8456,1.70700000000000,1.496521739130430,-0.364782608695652,-0.07,0.70399,0.120,1.76,-0.267,0.3986600,1.46000000000000
2021-04-01,1.64,0.8515,1.67600000000000,1.516190476190480,-0.325000000000000,-0.01,0.79727,0.090,1.67,-0.210,0.3701600,1.42000000000000
2021-05-01,1.62,0.9058,1.66000000000000,1.524000000000000,-0.223500000000000,0.21,0.98446,0.080,1.81,-0.134,0.4211800,1.47000000000000
2021-06-01,1.52,0.8549,1.53100000000000,1.425000000000000,-0.288636363636364,0.15,0.87460,0.050,1.76,-0.200,0.3615500,1.47000000000000
2021-07-01,1.32,0.6979,1.25400000000000,1.251428571428570,-0.451363636363636,-0.01,0.74775,0.015,1.58,-0.373,0.1808000,1.24000000000000
2021-08-01,1.28,0.6440,1.13500000000000,1.191904761904760,-0.538636363636364,-0.12,0.62758,0.020,1.65,-0.347,0.1101300,1.23000000000000
2021-09-01,1.37,0.8023,1.28200000000000,1.263000000000000,-0.362727272727273,0.04,0.77658,0.065,1.88,-0.166,0.2696400,1.42000000000000
2021-10-01,1.58,1.0830,1.71000000000000,1.597000000000000,-0.204285714285714,0.20,0.95487,0.095,2.23,-0.046,0.3805900,1.67566666666667
2021-11-01,1.56,0.9394,1.80600000000000,1.685714285714290,-0.313636363636364,0.10,1.00969,0.050,2.57,-0.234,0.2667200,1.60777777777778
2021-12-01,1.47,0.8375,1.60900000000000,1.450000000000000,-0.384285714285714,0.05,1.04735,0.070,2.37,-0.127,0.1379600,1.70700000000000
2022-01-01,1.76,1.2051,1.88800000000000,1.759000000000000,-0.114761904761905,0.31,1.34641,0.170,2.56,0.045,0.3602800,1.90988888888889
2022-02-01,1.93,1.4891,2.11100000000000,1.879473684210530,0.150000000000000,0.68,1.79367,0.180,2.73,0.263,0.6060300,2.11900000000000
2022-03-01,2.13,1.5457,2.50000000000000,2.132173913043480,0.281739130434783,0.78,1.85382,0.210,3.07,0.677,0.8204600,2.53150000000000
2022-04-01,2.75,1.8362,3.00800000000000,2.704000000000000,0.746315789473684,1.28,2.43560,0.215,3.47,0.824,1.4715200,2.69350000000000
2022-05-01,2.90,1.9069,3.38100000000000,2.918571428571430,0.952727272727273,1.52,2.98982,0.235,3.65,0.779,1.7656300,2.64225000000000
2022-06-01,3.14,2.3824,3.76700000000000,3.315454545454550,1.445000000000000,2.06,3.63470,0.225,3.98,1.149,1.8630900,3.12575000000000
2022-07-01,2.90,2.1454,3.42900000000000,3.043157894736840,1.081904761904760,1.71,3.35879,0.180,3.65,0.520,1.5326200,2.90942857142857
2022-08-01,2.90,2.3278,3.36100000000000,2.859090909090910,1.034347826086960,1.69,3.29713,0.220,3.57,0.786,1.6069600,3.33600000000000
2022-09-01,3.52,3.5007,3.74700000000000,3.147894736842110,1.795454545454550,2.41,4.13844,0.240,4.06,1.163,2.0770200,3.41800000000000
2022-10-01,3.98,4.1096,3.91900000000000,3.380526315789470,2.186666666666670,2.77,4.53227,0.245,4.41,1.120,2.1970400,3.59687500000000
2022-11-01,3.89,3.4171,3.69600000000000,3.166190476190480,2.066363636363640,2.58,4.24251,0.250,4.28,1.055,2.0098600,3.12287500000000
2022-12-01,3.62,3.5015,3.55100000000000,2.941500000000000,2.085238095238100,2.62,4.25657,0.410,4.21,1.565,1.9743300,3.13588888888889
2023-01-01,3.53,3.5115,3.60400000000000,2.937619047619050,2.192727272727270,2.69,4.24279,0.490,4.13,1.257,2.0830000,2.88445454545455
2023-02-01,3.75,3.5553,3.70200000000000,3.174210526315790,2.370500000000000,2.87,4.27004,0.500,4.31,1.446,2.3660000,3.14580000000000
2023-03-01,3.66,3.5638,3.46800000000000,2.993478260869570,2.383478260869570,2.92,4.24000,0.320,4.34,1.227,2.3527800,2.97327272727273
2023-04-01,3.46,3.6503,3.34300000000000,2.916111111111110,2.359444444444440,2.90,4.23356,0.385,4.09,1.080,2.3728900,3.17562500000000
2023-05-01,3.57,3.9621,3.50000000000000,3.045454545454550,2.342272727272730,2.94,4.31267,0.430,4.22,0.848,2.3238600,3.32900000000000
2023-06-01,3.75,4.3659,3.91600000000000,3.338181818181820,2.376363636363640,2.93,4.07441,0.395,4.49,0.966,2.4648000,3.56650000000000
2023-07-01,3.90,4.4372,4.03600000000000,3.452000000000000,2.456666666666670,3.04,4.15721,0.595,4.64,0.979,2.5217600,3.66916666666667
2023-08-01,4.17,4.5298,4.12800000000000,3.654090909090910,2.545652173913040,3.11,4.22104,0.640,4.91,0.952,2.7521300,3.76650000000000
2023-09-01,4.38,4.4199,4.21100000000000,3.816000000000000,2.661428571428570,3.24,4.51295,0.765,5.05,1.087,2.8879000,3.88671428571429
2023-10-01,4.80,4.5695,4.63300000000000,4.062000000000000,2.823181818181820,3.45,4.88505,0.950,5.47,1.046,3.0237300,3.96742857142857
2023-11-01,4.50,4.2721,4.57800000000000,3.710952380952380,2.601363636363640,3.19,4.42761,0.660,5.08,0.822,2.7549500,3.62157142857143
2023-12-01,4.02,3.8622,4.18700000000000,3.234210526315790,2.102105263157890,2.65,3.82082,0.620,4.70,0.656,2.2082100,3.24058333333333
2024-01-01,4.06,3.9319,4.14800000000000,3.346363636363640,2.174545454545450,2.74,3.81113,0.730,4.65,0.830,2.2306800,3.58050000000000
2024-02-01,4.21,4.1230,4.14100000000000,3.504000000000000,2.331904761900000,2.85,3.87207,0.710,4.80,0.828,2.4300000,3.76769230769231
2024-03-01,4.21,4.0330,4.04500000000000,3.444000000000000,2.349500000000000,2.82,3.69579,0.725,4.64,0.639,2.3960000,3.60712500000000
2024-04-01,4.54,4.2172,4.26800000000000,3.695909090909090,2.445714285700000,2.97,3.85564,0.870,4.82,0.693,2.5130500,3.78866666666667
2024-05-01,4.48,4.2229,4.32500000000000,3.641818181818180,2.519545454500000,3.03,3.84382,1.070,4.75,0.915,2.3763800,3.69587500000000
2024-06-01,4.31,4.1644,4.24200000000000,3.391500000000000,2.484500000000000,3.15,3.94189,1.050,4.64,0.559,2.2576100,3.54920000000000
2024-07-01,4.25,4.1386,4.32600000000000,3.407727272727270,2.458260869600000,3.14,3.83015,1.045,4.50,0.450,2.1281700,3.46250000000000
2024-08-01,3.87,3.9444,3.97600000000000,3.071500000000000,2.207727272700000,2.94,3.68199,0.890,4.22,0.451,1.9320900,3.30209090909091
2024-09-01,3.72,3.9053,3.92200000000000,2.944444444444440,2.167142857100000,2.90,3.56547,0.855,4.19,0.410,1.9272900,3.34009090909091
2024-10-01,4.10,4.1993,4.26700000000000,3.186363636363640,2.229565217400000,2.99,3.50106,0.935,4.38,0.451,2.0430400,3.60252941176471
2024-11-01,4.36,4.4164,4.54400000000000,3.278500000000000,2.305714285700000,3.09,3.56886,1.050,4.63,0.289,2.0674300,3.61173333333333
2024-12-01,4.39,4.4345,4.31300000000000,3.161500000000000,2.178888888900000,3.01,3.32087,1.090,4.49,0.317,2.1015000,3.65753846153846
2025-01-01,4.63,4.6627,4.48100000000000,3.288636363636360,2.483636363600000,3.32,3.67594,1.245,4.65,0.383,2.3213800,3.82125000000000
2025-02-01,4.45,4.5063,4.42300000000000,3.056315789473680,2.405500000000000,3.15,3.57541,1.370,4.61,0.396,2.2551500,3.88015000000000
2025-03-01,4.28,4.6448,4.42100000000000,3.010476190476190,2.741428571400000,3.43,3.88713,1.485,4.63,0.514,2.6024800,4.02100000000000
2025-04-01,4.28,4.5762,4.26700000000000,3.108571428571430,2.510500000000000,3.26,3.71151,1.310,4.55,0.326,2.4199500,3.89547368421053
2025-05-01,4.42,4.6004,4.35000000000000,3.221428571428570,2.562857142900000,3.26,3.62922,1.500,4.59,0.259,2.3978500,4.00910000000000
2025-06-01,4.38,4.5248,4.20800000000000,3.314000000000000,2.519047619000000,3.24,3.50068,1.420,4.58,0.410,2.3145800,3.94865000000000
2025-07-01,4.39,4.5924,4.29100000000000,3.480454545454550,2.631304347800000,3.36,3.53735,1.545,4.55,0.378,2.3575200,3.88286956521739
2025-08-01,4.26,4.6369,4.27500000000000,3.422500000000000,2.673333333300000,3.42,3.53833,1.600,4.41,0.320,2.4316200,3.87309523809524
2025-09-01,4.12,4.6885,4.29800000000000,3.224500000000000,2.693181818200000,3.51,3.55866,1.645,4.29,0.200,2.5640000,3.93572727272727
2025-10-01,4.06,4.5721,4.23400000000000,3.128181818181820,2.617826087000000,3.44,3.44212,1.655,4.08,0.180,2.5768300,3.96395652173913
2025-11-01,4.09,4.4985,4.41600000000000,3.174210526315790,2.657500000000000,3.44,3.45927,1.805,4.21,0.190,2.6579000,4.02230000000000
2025-12-01,4.14,4.4826,4.71900000000000,3.387619047619050,2.814210526300000,3.56,3.55156,2.060,4.52,0.330,2.8216800,4.09152631578947
2026-01-01,4.21,4.4510,4.75000000000000,3.402380952380950,2.806666666700000,3.53,3.49242,2.240,4.51,0.270,2.8004000,4.12228571428571
2026-02-01,4.13,4.4324,4.75800000000000,3.288421052631580,2.745000000000000,3.40,3.38800,2.110,4.45,0.250,2.6388000,4.16250000000000
2026-03-01,4.25,4.7007,4.92600000000000,3.440909090909090,2.910000000000000,3.64,3.73337,2.345,4.64,0.400,2.7641400,4.25786363636364
2026-04-01,4.32,4.8207,4.96900000000000,3.518333333333330,3.001000000000000,3.73,3.81820,2.515,4.68,0.450,2.7849500,4.28642105263158
2026-05-01,4.48,4.9416,4.98200000000000,3.541500000000000,3.046500000000000,3.74,3.83912,2.650,4.68,0.440,2.7445800,4.32988888888889
2026-06-01,4.47,4.7960,4.83100000000000,3.388333333333330,2.964090909090910,3.68,3.73443,2.670,4.46,0.310,2.7806700,4.19845454545455
2026-07-01,4.60,4.9318,4.91900000000000,3.547272727272730,3.070434782608700,3.85,3.88074,2.790,4.61,0.480,2.9080900,4.27152173913043
2026-08-01,4.68,4.9886,5.01500000000000,3.675000000000000,3.180000000000000,4.00,3.98598,2.940,4.71,0.470,3.0231400,4.28635000000000
